"ID","ROI.1","ROI.2","ROI.3","ROI.4","ROI.5","ROI.6","ROI.7","ROI.8","ROI.9","ROI.10","ROI.11","ROI.12","ROI.13","ROI.14"
"P.1",-1.07098709378904,0.282889415666558,0.234133094204478,-1.05359849532992,-1.09307615555746,-1.70439300649219,0.0449408157151769,-1.19323700344701,-0.383065657257687,-0.105066813792619,0.324604051154474,-0.538815978089851,-2.05350107122629,-1.5581929413929
"P.2",0.633531830822582,-0.0968922594195082,0.235196413000986,-0.567139421594715,-1.4054946594065,-1.44507830189746,0.0893696650939884,-0.717903095390425,-1.15640814945474,-0.776684762614963,-0.812107729325138,-0.397144606063851,-0.341499438928681,0.301219057786058
"P.3",-0.768456846595311,-0.592051801044942,-0.38554677167428,-1.09840837518226,0.219459504168413,-1.36109806848505,0.0871244959418234,-0.272782374537471,-0.0996137891699308,0.60494045055926,-0.91225867446045,-0.0748973701711461,1.06620824492368,0.0703732532717342
"P.4",-0.0827461873109432,0.833778063003546,-1.41893840617361,-1.67938209959025,-1.62247965407104,-2.08696409338005,-1.41500021293414,-3.06132861060654,0.972389208511808,0.783205929875366,0.241332525279867,-0.471434396148297,-0.32977126516269,-1.49753451567372
"P.5",-0.440280805813854,-1.60112662973954,-0.614207663010517,-0.437781242931254,0.568985502108973,-0.22492011057314,-0.699858967226073,-0.100716097878713,0.170925429146553,-0.267391997863468,-0.744505066221821,-0.27420870656835,-0.377361321851174,-0.459709019182642
"P.6",-0.868590280372434,-0.5491452672853,-0.778260889337762,-0.233850796175104,0.737944968444014,0.282734529809048,-0.204859446848556,-0.305815372321015,-0.662287270590847,-2.16140946758268,0.523133478451072,-0.690663879225111,-1.15253819000334,-0.487202128372256
"P.7",0.946638477245507,1.96482164577287,-0.211188098640244,-1.12198418739993,-0.172208476765752,0.224093795949138,0.610910699736311,1.48026772773021,0.782126387603452,1.61236869772454,0.430141946785483,0.826425876814277,0.592936288828907,-0.16824456465672
"P.8",-0.994967144396267,-1.23409588102357,-0.108590653222858,0.100905709018563,-0.705223771469058,0.0605018075621042,-0.809859392377442,-0.851704584782936,-0.350593298644002,-0.225638350317998,0.684169542566844,0.517781309744806,1.24352410314778,0.196546095171535
"P.9",-1.23452172590989,-0.81409635594367,0.568144250436789,0.600561016731471,0.438446685620506,0.403211553171655,1.66303737913323,0.727462957198585,-0.848064570301817,-1.03055996306607,-0.0802494815373983,0.356840989366939,-0.376875047603322,0.332114652915809
"P.10",0.232144815514827,0.775831758936695,0.54465104875747,0.462390818134569,0.374533705318616,0.301871787740798,0.110655884722812,-0.18972112921505,0.777493006363359,0.27674839495801,0.0713384364297549,0.129054390314401,0.396270707675793,1.41351964545196
"P.11",-0.439804720605498,-1.59332735028258,-0.664709089506129,-0.357398151278488,0.444525801217225,-0.157893070654092,-0.741003874002099,0.0645182539779213,0.140341783277506,-0.325974711132165,-0.796878657706322,-0.291136093994026,-0.432127252157341,-0.58904395850042
"P.12",0.380028009782573,-0.850950907605781,-0.382903709367885,-0.38630043830454,0.32093270308378,0.0210003759783926,-1.29582084867972,0.480590438484951,-1.23445317638578,-1.28140059759117,-1.15104907989195,-0.942128005691622,0.160741402925073,0.663730819308283
"P.13",-0.626515770401703,0.343666153519594,1.41493548770003,1.17481224148127,1.02892088257785,1.24671905676573,2.39906349643962,1.56839454152475,0.430941564874473,0.227295453626845,1.25514239787459,1.54861989125038,1.31652266368201,1.24667356780432
"P.14",0.232334496192657,0.291083223021467,-0.148924681623696,-0.382553159284884,0.478781565039126,0.248937923448086,0.36698787544189,-0.0714378880093744,-0.320941665253977,-0.739892627839263,-1.39852220483008,-0.0210537345768677,1.29926520668565,0.529416932032023
"P.15",-0.527834665793207,0.693842008988371,0.473300657631885,0.772642576483416,1.35117893772837,1.64505237140462,3.2372354907493,0.443668289308051,0.308405223252134,0.649210042249734,1.11801756384365,2.16583107538252,0.799181574980023,0.56385593624641
"P.16",0.165569477757582,0.156509855324748,-0.216203984400179,0.350707042871747,1.68438670959276,0.969324300930158,0.361513862077038,0.985172279605561,0.119251928990767,1.120116645664,-0.212111231207879,-0.0689114544164487,0.301332669561895,0.159794829100347
"P.17",-1.31941622329477,-0.541190873052657,-0.683929522110583,-0.42846055410283,0.985950066686709,0.729109908076465,0.949610250142386,0.26348137408803,0.0564476142184533,0.762132361263597,1.09194016742789,1.52721194233262,1.39061959264185,0.73682651068941
"P.18",0.866135069491716,1.29455763224831,-0.0426532371214679,-0.600699333033323,0.294369816504292,0.547468178315792,-1.24207909674848,-0.58494114182368,1.11722982266413,0.402227776377714,0.482067664804573,1.51879680368909,-0.392559499510219,-0.487548091731672
"P.19",0.178600825403759,-0.121834081395779,0.429674951234254,-0.032403992347193,1.5604074829266,1.09361989972197,-0.585163491590459,1.21198730644735,1.34413364587055,1.56290567493666,0.900116837511138,0.506713982614357,-0.587496249211914,0.177086612042566
"P.20",0.980032260585796,1.19542233038867,-0.511733718903258,0.656735491217717,-1.19471296319946,-0.520284602104384,-1.8891408886305,-2.12689386311465,0.00589129260088776,-0.396583071504025,1.32335067759523,-1.097360704655,-0.76743467908866,-0.686572996913064
"P.21",0.169354401610071,1.31731050043126,-0.0913574068446294,-0.649339400235452,-0.605521678056266,-0.0555949495288123,0.169508854344882,-1.20060688105827,0.831085397610915,-1.41205045685819,-0.608778416231097,-0.680208826153665,-0.911021867279142,-0.86700606265303
"P.22",-0.921624040202167,-0.605734082462204,-0.827498510241536,-0.699905679315007,-0.765810965379615,-1.5004240369483,1.09158983912118,0.886266493927584,-1.1478758660427,-0.613364055523412,-1.06630137461705,-0.762924790282506,-0.299783492173166,0.257129710590131
"P.23",-0.657824620041722,-1.00497479019174,-0.469741041784642,-0.220064929354309,-0.88653938400729,-0.784763073699718,-0.883830339218536,-0.0941049054669708,-0.891093725366947,-0.862945264412178,-0.413494827930475,-0.622279110189579,0.0430579906807827,0.482912417626586
"P.24",-0.318700560970346,-1.37256480013127,-1.11538852121988,-1.85609257123744,0.165925802964258,-0.333944726153237,-0.575823933760637,-0.560713829819788,-1.19781710676875,-0.29015680743449,-0.518339609852092,-0.990989531169398,-0.835896174163911,0.564585446617057
"P.25",-0.988857201827232,0.190225151756875,0.179659056924172,-1.08681820979267,-1.02887643239384,-1.67675108332537,0.0749920023028384,-1.26605632868175,-0.542690083184864,0.00365447338339386,0.311848771026725,-0.533380467597898,-2.0473753330805,-1.48296717902193
"P.26",0.158244445752375,0.17201702848344,-0.0398507010985602,-0.342471050543258,0.47606084383343,0.293403878468946,0.417112157366108,-0.117588102886354,-0.316528312906067,-0.749302018042918,-1.48613170289319,-0.0230364590106325,1.27480447807945,0.443918359006334
"P.27",-0.175235984790099,-0.403599156714177,-0.264294576535494,-0.0961038560889556,-1.09033717990661,-1.032549506807,-0.513538133811657,-0.158234683351676,-0.137920963640194,0.425317239047118,0.290743115904735,0.102358726166742,0.894626502878416,0.741570125037463
"P.28",0.192723103879893,-0.20966972343928,0.519143458097594,0.0522712171098618,1.59238971644161,1.06910264202409,-0.533229371671144,1.24000598517211,1.45479732292408,1.7119041266818,0.905469702624083,0.626136028756056,-0.643566003508828,0.0190005599246972
"P.29",0.22359734763006,0.351664588920108,-0.645014716687954,-1.36614140657956,0.14299843299687,0.315702485443908,-0.427912537512108,-0.00738858336772621,0.144988467530251,0.335830609229858,-0.429969084413637,-0.374712031571277,-1.08180591898982,-1.0282067142454
"P.30",1.0759392063458,0.0328722048603466,0.278642861760742,0.736537962098033,-0.672269925609339,0.195963740770948,-0.639336817661946,0.159377350833535,-0.195448649879862,0.511678665632178,-0.964000781799711,-0.438080972113986,-1.23911716795017,1.76239614204474
"P.31",-1.32720772304671,-1.1540758684817,-0.71448595673706,-0.822913010832802,-0.797962115517461,-1.46273223131256,-0.359796421722594,-0.511981559406404,-2.21952709679723,0.768430302427142,-0.334648178380596,-0.83669837103585,-1.23033725427225,-1.79728062986624
"P.32",-1.43405543472408,-1.53223764716323,-1.27292285526665,-0.920406110450539,-0.967497249703992,-1.73377242161477,-1.43358020517735,-0.894914493689872,-2.27739061527898,-2.46091162753537,-1.26467404175536,-1.68925880866933,-0.0653845241648887,-0.629982129385505
"P.33",-0.180961124510689,0.439848376159713,-0.90891026762261,-0.0862964647045808,-0.212245914947638,-0.290266532962435,-0.84114878369415,-0.79596964414377,-1.29163266229993,-1.36792364741117,-1.34757087393514,-1.57144024826335,-0.953216328347872,-1.11004534147068
"P.34",-0.577113723888654,-0.516316964027334,-0.961779273232199,-0.191236183261163,-0.175391380399046,0.074600520935415,1.4207513614193,0.950322337073553,-0.586012677854507,-0.829223540282062,-1.2363174851116,-0.3103641886941,-1.35418684250039,0.262675141341389
"P.35",-0.290054140012459,-0.166658063990982,1.49598335950149,1.30056012449044,0.595661159332725,0.636472756874051,0.374433049593906,-0.266768949107202,-0.0912290668772719,0.221205768735354,1.39669008807497,0.74014236500501,1.11117062948952,-0.162579650466415
"P.36",-0.811441046171576,-0.518181616427082,-0.480131365825883,-0.399042751434433,-0.327951722427487,-0.292029773313475,-1.17068520188883,0.0506477757699657,-0.554947008733796,-1.08364723017035,-0.0992995654720187,1.13425006914547,-0.264710386311993,0.113181462216058
"P.37",-0.586321638030806,-1.18182521634677,0.129775881065828,-0.466588369421511,-0.0297631666363841,-1.37472723034809,-1.03360496828614,-1.42186048164706,-0.350427037986457,-0.593861359283516,-0.963414677184236,-0.756129260462116,-0.452371214213971,-1.42425232073397
"P.38",-2.58067790377293,-2.66511467738176,-0.415259713199319,-0.426325139316323,-0.197085071342686,-0.845138541753772,-0.454695598641365,-0.730417471653832,-1.97474317793778,-1.93843527396603,-1.40578284584451,-1.20075170017671,-1.11965109883372,-1.92437782177429
"P.39",-0.246937118984256,0.400416529875715,1.17401452340644,1.38836809990203,0.20816543375271,0.401023976633385,1.59027042167553,1.09935303254337,-0.00786973271864074,0.453559151495228,0.450857832909823,0.110338264791498,1.42363191518491,0.0335074569821402
"P.40",0.217442676861722,-0.209356097779403,1.65952954658929,2.00769757847688,0.559675680886288,0.731449774932608,0.331352003992278,0.442271181869322,1.00643681644597,0.480742379196466,-0.578723404934126,0.426333120214871,1.29348089811893,0.490679249963811
"P.41",1.58027297579656,0.598507185787864,0.374504273666735,-0.107168193283832,-0.40408908405802,0.496517974940038,0.273020354150023,-1.02267501055805,1.42215060404156,1.26459051858238,0.630197668335407,0.705872735709347,0.030783712707761,-0.372178628894305
"P.42",-0.153937884018555,-0.100086533853424,0.325877637131572,0.538225091547739,-0.937080932431942,-0.519640286098773,-0.809955374572543,0.555931238687629,-0.883437315951599,-0.453943366349914,-0.219693418330567,0.04083116091781,1.2402371230803,1.53866397136525
"P.43",0.901267834250104,1.35781966911802,-0.48109343255636,0.659823635197847,-1.31330027781635,-0.473087432154152,-1.81251799031262,-2.05720667283528,-0.0974166808994534,-0.2971915496646,1.25689680171454,-1.17162553039582,-0.782375763287314,-0.730781754725221
"P.44",0.824827784490314,0.868152500345245,-0.488135722051297,-0.436553497518693,0.478286858991819,0.42117900238645,1.27650655645382,0.205641341309076,3.11770951940499,2.09222658095071,0.813967264823762,0.190772910996536,-0.585472570722194,0.817490401530426
"P.45",1.03336838106934,1.42390909866225,0.665808453231581,-0.516273503484792,0.848990146558956,1.36709163324362,-0.255009460240194,-0.0997831527099535,0.95796826631349,-0.24321690686875,-0.125290034248302,0.2467572007281,1.93192935039921,1.32794747988419
"P.46",1.41231057125073,0.0475952794437599,-0.825755603195733,-0.787093641496217,-0.512680275615529,0.893489172300207,0.220755336906736,0.632775457066522,0.431427033047205,-0.197191249092242,1.00146205919535,0.696454027164917,0.00168044503420822,0.261653713100759
"P.47",0.593160277938969,-0.235560661606136,1.59489151080636,1.58634046077609,1.58870516193565,1.33662544648512,0.335645994860939,1.99570076073429,0.508499727074168,0.436864517980445,0.442007357264094,0.0722131086174122,2.55621429427863,0.962438839332104
"P.48",0.0542550691533592,-0.435991846449968,0.438570722594196,-0.0936786941680044,-0.377432239349897,-0.380092747715698,-0.443150250567458,0.363322575808753,-0.178547168102525,-0.904727609063638,0.631944922170853,0.353529865919967,0.874760643441208,-0.236672056402678
"P.49",1.17599226298092,1.30180434986033,0.334385348292128,0.67846587752836,1.39476763871207,1.8342019432119,1.49227471559601,1.48346455551971,0.140396103898132,0.482334872918789,1.56492876783113,1.07226048872885,-0.126523844560385,0.966613070532231
"P.50",-0.813212272918463,0.00462473665064207,-0.459301072585832,-0.00130763956173877,-0.271043605140452,0.284227237597132,0.601085307213289,0.236465118448061,-0.0654584709115144,0.180740077800795,1.35593092101094,1.0322538581354,1.26729622025881,0.961260533731796
"P.51",0.0621178214102741,-0.325029911525842,0.387121245526978,0.00462707137140334,-0.459052578980068,-0.311580039999844,-0.475634473562575,0.310744872455735,-0.252148553075678,-0.899584140329761,0.454266174136913,0.290713370005955,0.818240460475885,-0.260228329972962
"P.52",0.219009826031389,-1.05215721563247,-2.07425244683589,-2.59700464012635,-1.49176640802925,-0.993281655418262,-1.84074524148191,-0.966909794087448,0.372050007172432,0.43548649463434,0.284393531074776,-0.326204067190662,-0.269809982068172,-1.7189483357563
"P.53",-0.584105927288329,-0.334595150127731,-0.682668632754635,-0.725345231004517,-0.400610684560738,-0.431502360940708,-0.723827537666684,-2.037605892004,-1.45466348462952,-1.5762310203767,-1.09909678177946,-1.09691628726703,-1.77621587887287,-0.991313418116318
"P.54",1.67694198236733,1.91327662459522,1.83390274342224,1.3904681317551,0.994921864491357,0.435833195938426,-0.664057975320387,0.871070432740153,1.40543004510234,1.82546340927591,0.683950119351265,0.759975009941671,0.155748415306923,-0.367583181430847
"P.55",0.851893903708787,0.843789321812269,0.616949986674986,0.761772610913616,-0.30544019533192,-0.0586763571302287,-0.276473952149546,0.0997142831029947,0.676844118743134,0.928983635946487,-0.429422890220183,0.51381870274052,0.433246336923857,0.172607742075181
"P.56",-0.978249113397856,-1.24706855553462,-0.183445459692055,-0.180660282337367,0.385787182978287,-0.24715273043922,0.4150172889746,-0.268432626529132,-0.40594338059892,-0.517578197728819,-0.999399742936713,-0.256167242424799,0.142241192650182,0.281652540678282
"P.57",0.539132575794694,-0.0153910238694705,-1.77026124805453,-1.06229828188679,-1.31947020983598,-0.798643136880273,-0.035004825241336,0.362698232596781,-0.463323571241512,-0.951936624748924,-0.218114433950332,-0.741109172109865,-0.204477372179127,-0.301720668671195
"P.58",-0.991580048162405,-2.2815056309519,-1.45569873968168,-1.1625670405843,-2.45704317769218,-1.61566919388516,-2.23856518220503,-1.19834208166327,-1.03238936481226,-0.495896303583219,-0.723811883887168,-0.398011941390971,-0.819395376419129,-1.44795372060649
"P.59",-0.901407363167144,-1.32010945974024,-0.13225013176991,0.0952277518842417,-0.664958907342837,0.0831998819550785,-0.947853709575614,-0.856010557128109,-0.353678044693719,-0.20681904687993,0.667233256912761,0.552504216189028,1.25191396787005,0.258342622806841
"P.60",0.269360347085495,-0.416648146289854,-0.474930310525993,-0.455603160328599,0.554431274954996,0.293153809492174,0.262933922820349,0.521698035805699,-0.538089221766793,-0.868937173261978,-1.12501952103538,-1.38957978858575,-1.539537628044,-1.30736344363049
"P.61",0.234145847893799,0.196637085459668,0.507657202371495,0.297585474163701,1.53313523938674,0.777815618366607,0.577285164655892,0.232783901579159,0.912052040987291,1.04036582581133,4.6968721516071,3.54939301050241,-0.271200483752981,0.28048902780141
"P.62",-0.529471875604514,-0.673591112245757,0.507588400657181,0.469884108006174,0.339340663409314,-0.474995446328221,-0.00187449266269692,-0.171375281915458,-1.08059814517169,-0.790375512277093,-1.07502425732804,-1.17279293862299,-0.280068109021665,0.606141352498416
"P.63",-0.802844544620117,-0.404176426295441,0.502803173736954,0.439643467442351,-0.744542698043924,-0.492075213210797,-0.521194498957178,0.0806753458584256,0.513170884229868,0.0202874348109852,1.19004354838502,0.43003053358767,1.03199715581341,-0.943823665277955
"P.64",0.327519326720531,-0.256194156622079,-0.358804785645491,0.0713561142089058,0.114864676817665,0.222244573214287,-0.621194996506403,0.62525747452113,-0.213883948725585,0.380771563726521,1.3991687180815,0.842600826749832,-0.00391190726729884,-0.978673987589
"P.65",-0.697634956562618,-1.02787564391689,-0.34799194854079,-0.108316716312735,-0.875079838169575,-0.71133787488768,-0.828885590461129,-0.0227244609905899,-0.932907046080064,-0.87657051419103,-0.535661611246536,-0.728779939480178,0.185545681604518,0.567693420997467
"P.66",0.622817704561418,0.0318704523584631,0.590742255762743,-0.104482057471295,0.113211356028534,-0.473450338500881,-0.763028464839282,0.514929177290926,0.210587481579587,0.370977715946385,-0.276222597233994,-0.356835947407246,-1.51926099528049,-1.51049864358498
"P.67",-0.039190243823478,-0.443149578530636,0.364766888861814,-0.121218194762144,-0.441572392001713,-0.298252835424082,-0.455948810372836,0.366679961559613,-0.0798969094626971,-0.976637376918596,0.54099790067344,0.388500104911049,0.793159514062085,-0.119994069851602
"P.68",1.17592807722833,1.19448872813627,0.74430861861953,0.414984518399752,1.50378973358857,1.43508269444602,1.97431758769389,1.57891942860319,0.860675706255781,0.803280513400807,2.28799216043609,1.79841910016291,1.92083958091921,1.63820357453914
"P.69",-1.04924730833381,-0.996596313179995,-1.04318609899562,-0.844685574788112,-0.119447491174772,-0.607303640622095,-0.674262621958539,-0.0218625828728798,-0.329889875743154,-0.549596150030095,-0.461396976107413,-0.612773820580194,-0.854140180554699,-0.735478256782697
"P.70",0.127482177430757,0.249631964807086,-0.854003873419533,-0.280132307481997,-0.826927016609852,-0.280199463660307,-0.906356892861357,-1.19716271506006,-0.636281195486669,-0.67890144612608,-1.27279309049519,-1.9148728447062,-0.0961064863144835,-0.25624709971704
"P.71",1.09396564358366,0.0116484462336173,0.174523172789774,0.5694343777079,-0.673945350986082,0.0658618669055969,-0.60131713510183,0.0625164602774084,-0.200075973309894,0.451871813915465,-1.00494871133663,-0.612210305693899,-1.39232434641061,1.82682419756398
"P.72",1.03684529589446,0.818092674927009,2.10888436815258,2.16090150938139,1.14082708954093,1.57808409516582,0.440480966541157,-0.268593195195862,1.55918339592832,1.17679608624686,1.69634307154011,1.71367672392971,1.20768776330969,0.158174818309223
"P.73",-0.281859468538037,-0.891415564059762,-1.57287051824144,-2.04836334463356,-1.25902283160694,-1.04828609280331,-1.05179211678526,-0.519469615308755,-0.778878219979443,-1.48251905738756,-0.646067019333839,-0.90389455835182,-0.660442221300691,-0.416309961249252
"P.74",0.202367099950234,-0.20096147999124,-0.430493987257517,-0.0560401480419349,0.306603075889284,0.19419051573352,-0.611002968958075,0.673117133567065,-0.172791419763986,0.313640494889623,1.25941002977692,0.998283160401762,0.0587649024608468,-0.8723270757917
"P.75",0.0395990036092456,-0.288755886821371,0.319975064910287,-0.0039904852825135,-0.448346623280982,-0.309386077589752,-0.4761238866489,0.481543284933333,-0.257883191572911,-0.964538108305213,0.594361996510318,0.34916438224854,0.688867489110657,-0.25836373896491
"P.76",-1.90081584526399,-1.55480685786647,-0.49229624763224,-0.921570573611662,-0.973139478432981,-1.33134555933343,-1.2719368310236,-1.10104097544641,-1.81149327950931,-1.31276992845339,-0.298821864564783,-0.0239957361747473,-0.544825497605474,-0.657016197664026
"P.77",0.176700115516654,0.418662865453667,-0.736082393446348,-1.42404185886743,0.244713110034541,0.317980571055669,-0.429963981025591,0.0692682056855053,0.120343507206902,0.226607675486709,-0.458625909976576,-0.338582664685406,-1.00916533602413,-1.03707446572641
"P.78",0.138674818696477,0.290011544640054,-0.0975717468515475,-0.446451008252347,0.491066529315604,0.281103444226012,0.379175275762435,-0.264894666917523,-0.297451516238416,-0.869861778365712,-1.5211667126685,-0.162843489010425,1.31064589432105,0.514050915377725
"P.79",0.887960454318892,1.21508260283792,-0.508655206288665,0.697671727254658,-1.21787495991424,-0.600830190454308,-1.78143341471543,-2.10419340202131,-0.0174252644525888,-0.449888974720849,1.31467334912413,-1.13818679992313,-0.865733268741065,-0.573552515045348
"P.80",-1.21588397414826,-0.834814691771903,-1.31277439054576,-1.16176371700934,-2.18454527185582,-2.28113240681248,0.341146756092356,-0.940735280499706,-0.257927291275459,-0.272144684381359,-0.637950647378232,-0.481443804955298,-0.533609682880434,-2.25040761776935
"P.81",-0.628606429533829,-0.235852056462042,-0.737617404546167,-0.657907565001856,-0.410647092670328,-0.485756036869048,-0.729125126782483,-2.05857390339814,-1.44312122537969,-1.5425442279453,-1.17631009311453,-1.17615100863894,-1.91889187213845,-1.05502706251469
"P.82",-1.32716787966501,-0.49536127100113,-0.59702252732447,-0.367886373982228,1.01032309627822,0.798068297975227,1.11320031013059,0.160996061939101,0.139956919757063,0.836698621336931,1.18084871701234,1.5517512799658,1.24053467595334,0.807454542358594
"P.83",1.7084848506608,0.411780742386418,0.662514966485146,0.167132336911059,0.90259992006412,1.60739349586391,1.28042558263352,-0.735958754039986,0.318720557955061,0.639076323714324,-0.297714726703191,0.64527867428136,0.194153719648831,1.664650476845
"P.84",-0.452918234343317,-0.160383256523256,0.298127153208598,-0.147963556203777,0.929461078890526,-0.00746789326352987,0.29282783970659,0.447149463304513,0.175514824395196,-0.288748545894395,-0.584752715809721,-0.656798291162411,0.0368763058751748,0.67458764909531
"P.85",0.229731449665735,0.0634629472751628,-0.584487951365489,0.526410510781508,0.412630770342356,0.732044737758754,-0.667454372958628,-0.768179806518438,-0.353944619639744,0.0832154666659785,0.560642264176691,0.824956341443458,0.516951983905961,0.53566079007231
"P.86",-0.36714121779125,-1.62538520388445,-0.680449592364663,-0.449164483135558,0.526248233871576,-0.197961135936049,-0.825904160935506,0.0387254209327963,0.130506720542724,-0.226745653300476,-0.800115674857291,-0.1722257125167,-0.500612299639295,-0.54130570717754
"P.87",-1.94019267891762,-0.760934347947109,-1.58510522075307,-0.769336772805562,-1.77089496062064,-0.794007090828158,-0.598987263089415,-0.160537730131383,-0.35974000687404,-0.356247398954781,-1.29274015236665,-0.418123091668488,-0.185729051431178,0.0679244058207004
"P.88",-0.187053551148737,-1.37508415654408,-1.18531663612769,-1.77614837037711,0.0529607530902204,-0.358571976260242,-0.552592447855512,-0.706811415052716,-1.34474768474724,-0.281044870624995,-0.429325821282373,-1.09793591956863,-0.906094122278858,0.626721414601853
"P.89",1.7454745639947,1.93740731050208,1.75451775869429,1.40167174120862,1.09190909277315,0.478068315812084,-0.639574786706138,0.871061999055446,1.4169267576957,1.82756384692264,0.676003882779968,0.794516626623634,0.173900656203521,-0.279784632289112
"P.90",1.06693658600363,-0.0976169044511511,-0.797728742341134,0.124710330517787,-1.18114229486457,-0.383405312610757,-0.801921072409348,-1.11071490992108,0.588242026628525,-0.322500274693149,-0.804643390591114,-0.546907043009987,-0.627506639820732,-0.30117869217674
"P.91",-0.285243725073367,0.106718664690029,0.325865270553671,-0.13643105321696,-0.222464262563479,-0.192924686053982,-0.271934180732146,-0.0645099608692913,-0.167069900316061,-0.156956883964223,-1.25937218994997,-1.13227702883069,-1.65101819116924,-1.36643709941908
"P.92",0.176337667687828,0.624183892186559,0.641385475812814,0.404461896060653,0.289664978485824,0.239089001280205,0.0838386704200929,-0.177867288267899,0.885665662027743,0.296295167544192,0.0989427256429503,0.168240200729475,0.456593418966585,1.43329709928242
"P.93",0.023971510102243,-0.0179437557399401,0.259563827602625,0.502698443616774,-1.09052549225753,-0.483479299041982,-0.662893708704156,0.571707765103349,-1.06632712140636,-0.457481495083549,-0.234445347049328,0.139298524707488,1.19996425996418,1.60763835202605
"P.94",0.261582207374268,0.201549905278407,-0.811616079647611,-0.341271422940352,-0.827238690228705,-0.325625107013099,-0.799499682882732,-1.22970599927323,-0.585011555085664,-0.74271651518499,-1.33180800011652,-1.95906053567575,-0.144340852288105,-0.187043735426743
"P.95",0.902166176596876,1.29673978721896,-0.404652577720105,0.69520288736154,-1.19976127954408,-0.567157459503669,-1.80980577399124,-2.03918028034748,-0.146064918988389,-0.3977424314844,1.20729411100292,-1.15916364663484,-0.781876938953542,-0.6386580083655
"P.96",-0.712845636596778,-1.1922648844769,0.150473767935139,-0.410940137076974,-0.188572787476859,-1.41181398366246,-0.992893648513616,-1.33896156906824,-0.293887176268264,-0.611901607569495,-0.978961132045996,-0.845148263320665,-0.39002468904965,-1.46216969066405
"P.97",-1.49978672345853,-1.65320658766259,-0.896816725812819,-0.974567697730523,-0.619789166797969,-0.98351388050901,-0.463919586397333,-0.58939196802041,-0.267644810493067,-0.865738904378915,-0.712430915548312,-0.780481207214065,0.140488137836394,0.0358143014464781
"P.98",0.10575248121186,-0.219257266861553,1.6608657698023,1.98235574369705,0.669462851661523,0.851188136172041,0.414520807054568,0.522000459509903,0.943800037616348,0.452708269574226,-0.481520405649635,0.372151523810929,1.2922691826293,0.402642449601641
"P.99",0.052792349265427,-0.623605201243678,-1.98200832709214,-1.46029246327162,-1.87131452297618,-1.92254991804217,-0.801341353449422,-1.32374577161748,-0.972039578853201,-0.873596113171627,-1.9526277095629,-1.36464002294429,-1.5437233175466,-2.01288339329615
"P.100",0.960330643120601,0.810038653197403,-0.792163871626532,-0.644444027592629,0.598654870019239,0.700568182923277,0.110850753246802,1.17743828673639,0.725013381740164,1.08579165054189,0.446404530032708,-0.331491474249226,0.981015243779691,-0.983867332307471
"P.101",-0.704972334295238,-0.984088239673986,-0.484072262061296,-0.126924649433537,-0.888730948354885,-0.598774166090583,-0.877994263208518,0.00904109976864156,-0.919332407955509,-1.00036694223256,-0.498607977811838,-0.741024368872918,0.0785154675611841,0.484414440285992
"P.102",0.789439778598785,0.737313495829206,2.18967892379869,1.8890057222539,-0.908482242591494,-0.502900695058474,0.264373907297815,1.31945426022405,-1.67729283292467,-1.11119377820458,-0.0385570604816373,-0.362814255142776,-1.35574526205734,-0.433267879329342
"P.103",-1.15247401424265,0.287403889343239,0.237285195877664,-1.1349376985237,-1.10163456079473,-1.79357286640793,0.165157425485609,-1.21719108800915,-0.493406306566324,-0.103033698055479,0.250958733180904,-0.546607674858105,-2.03542932705438,-1.6415607408482
"P.104",-1.24619060016896,-0.479777967959672,0.254426483576012,-0.412906379671995,-0.485930310987327,-0.0144160352145369,-1.06133939747787,-0.148632377575119,-1.08173300920927,-0.905711728373621,-0.516934273040548,-0.559284180680305,-1.26879191234571,-1.42256100668289
"P.105",0.371509930738613,1.07691316458602,1.24886090770023,1.54052601268633,0.496381346352967,0.492311635699469,2.64979906263641,1.59826288076381,0.0511448358218153,-0.0751812597879353,0.359150401096936,0.125289379837528,0.812253307730094,1.37670883568757
"P.106",-0.887203258340177,-0.570963145011974,-0.807400059042526,-0.646742226309752,-0.626001622021113,-1.65724083525716,1.00041680682249,0.850369731280849,-1.14470339047747,-0.578128777960079,-1.2125821118383,-0.898799698374006,-0.222426809222535,0.356622593760154
"P.107",-0.771570511229684,-0.438651278014427,-1.45425629342119,-0.837161583324455,-1.2896602437349,-1.16459001880505,-1.13102739696172,-1.35844930789725,0.50264691591143,0.89196041090386,-0.412965801229183,-0.931133325237595,-1.54043294153063,-0.079837018357318
"P.108",-0.0420738908797745,-0.443324511923191,0.475859947671452,-0.0907442278190434,-0.392802845841239,-0.339234373412491,-0.44234758522395,0.386088083730329,-0.190503722800351,-0.984690078375069,0.46959193427979,0.319440984652732,0.772822277622276,-0.0767862914890446
"P.109",0.824577010206798,0.669624093662819,0.0473975770775837,-1.81825998456481,-0.977818888637004,-0.339412853671974,-0.345208855943489,0.409441510058983,0.68302887683689,0.88543335783982,-0.277729404368469,-0.365673310118776,-0.793032858403394,-1.0196999485805
"P.110",-1.46196576854936,-1.54331365639019,-1.22931043037707,-0.904951879620465,-0.863260821543771,-1.82928226965996,-1.40797789013705,-0.912012455033696,-2.27505492997368,-2.39576487741678,-1.18351274920614,-1.7203659393626,-0.0722450590582376,-0.537456994823922
"P.111",1.3384044893579,1.66447415747234,0.569874738236463,0.532608387818479,-1.37107499104632,-0.775972910638996,-0.332741394432476,-1.29134533661752,0.979154410708152,0.884246376789805,0.440975427653716,1.65585355550112,-1.12826161277994,-1.13731675882514
"P.112",1.2356030892702,1.35837201486357,0.343708014529259,0.635300678954518,1.34604384172416,1.72581770321232,1.59328457660334,1.52532716466401,0.129473769741202,0.583921476245512,1.66519997310925,1.11645059675988,-0.028513279825226,0.913568971963151
"P.113",0.848895651065573,0.89203631633098,2.01732018214088,1.80986239827176,-0.809227920120397,-0.513161672607952,0.325155205829035,1.27067241590242,-1.59960529376441,-1.1226817713369,-0.0730484877243932,-0.305307026431156,-1.32946316870936,-0.292381208233255
"P.114",1.70964480333692,1.38428908370005,2.43364727774793,2.16689370803311,3.02570815812335,2.53293901501996,1.64507258140164,2.16570878519784,1.62423299833616,1.17826384658746,-0.383372787050702,2.04614092180999,1.68717535365941,1.24543423228714
"P.115",-0.850196322376631,-0.384781144046074,-1.27016094571587,-1.0297333640793,-0.785475521690875,-1.0489538281446,-0.653867757630057,-0.785817040334443,-0.369115719330948,-0.341772833595401,-0.217511353885787,-0.275710353579212,0.042120627203086,0.0687388451234374
"P.116",-0.225379240781961,-0.28768670702832,-0.296760324605302,-0.175823910329853,-1.18921304780798,-0.958686875001757,-0.640159783039694,-0.160523603085514,-0.0739406453136911,0.455140388135888,0.179027048160316,0.188774291925685,1.0756978611922,0.751736479235471
"P.117",-1.3240536780243,-0.539851576009497,-0.524827569451617,-0.527116381213463,1.03407861462525,0.714061797591388,1.02415787086541,0.149724941470947,0.0991172533029415,0.771934336715007,1.07504856542022,1.52191559192242,1.43628627033289,0.62394857542515
"P.118",-0.854921083567848,-1.30473265077247,-0.311998208653429,-0.189114654745236,0.353634284554913,-0.25636420123129,0.417172873723435,-0.153638394345065,-0.475478303129795,-0.598693179098865,-0.831113573988897,-0.361643035924298,0.0736017328166793,0.268643973685924
"P.119",-0.722611551814786,-1.07176259399652,0.919265181226011,0.780818362909701,0.175927620792826,0.6202929622722,0.236892818526344,0.652164049643699,0.627793000652688,0.21029184640338,-0.271213678983549,0.875687826487055,0.0310172322745406,0.981749694681578
"P.120",-0.0836900550581359,-0.0335773644201585,0.306767243095175,0.358564473475363,-1.07879167443616,-0.515873541188965,-0.814641836660099,0.678275263353282,-0.881532042072653,-0.52032145348122,-0.360647672525661,0.218712235893986,1.23626759916427,1.52878365967125
"P.121",0.860546484073999,1.23100273001326,-0.135784141743844,-0.538761661040395,0.184134505227081,0.48632119020145,-1.10390268060843,-0.621815373845771,1.1438234019229,0.281064134856006,0.615180476008619,1.5651785209109,-0.542804992834692,-0.421539028132041
"P.122",-0.110266199479995,0.376219919930369,-0.978307605962669,-0.11105646711462,-0.235347570481175,-0.241707772574612,-0.743589988033416,-0.703696225259046,-1.14400847321926,-1.41719254545309,-1.1647915402878,-1.60846292458224,-1.01003130554857,-1.08262168613582
"P.123",-1.3368430002323,-0.973936647696352,-0.755822141709957,-0.836308804196254,-0.649888952261412,-1.48142091326708,-0.315763235910881,-0.532088386175592,-2.11083326547638,0.818102246285408,-0.320759667132663,-0.874382528200617,-1.19440030156396,-1.81022239844542
"P.124",2.50839056302959,1.65912726562272,1.20351720163917,1.12862620611543,1.39510042787176,2.21226078687539,0.0863668707000565,0.517873549424097,2.75752274392171,2.71142542547688,2.18670722249756,2.7468582085585,1.21883085058552,2.51731921319246
"P.125",0.274735806318233,0.0923953643195789,-0.586445077839497,0.472093847737935,0.405347483452341,0.749824513281404,-0.616311126395477,-0.755733693215134,-0.476078292016838,0.0986149053209824,0.507124891317049,0.861179407436275,0.541892742337291,0.402272262403297
