"ID","ROI1","ROI2","ROI3","ROI4","ROI5"
"OBSERVATION.1",-0.207715992468034,0.677506222500222,0.167947389949473,-0.0697879822197712,0.418702714545512
"OBSERVATION.2",-0.604828460822992,-0.607727169574182,0.834826197006136,1.98794286241373,-0.577831394063728
"OBSERVATION.3",-0.363058287474899,1.53187914789688,0.557142234723526,1.43921463717813,1.40706457045511
"OBSERVATION.4",2.93711090889344,-1.01721161309893,-0.28902857947624,2.35314014241277,0.401877488399191
"OBSERVATION.5",-0.224596437456555,0.581314118311701,0.799842390734311,-0.348414061635518,-0.224261284617468
"OBSERVATION.6",-0.999113454642372,-0.977131569687044,-0.887033017935247,0.971463781103512,-0.952312856006129
"OBSERVATION.7",1.81595395386834,-0.405322950344169,-1.2554562277354,0.0905685185529626,-0.986203668672289
"OBSERVATION.8",-1.30853201128196,-0.374594917061725,-0.833464064581515,-1.99699609366617,-1.17272331852293
"OBSERVATION.9",0.43580877160686,-1.57766422014177,-0.632307178518522,-0.0530064879528572,-0.359824535282112
"OBSERVATION.10",-1.02916064672194,0.74363829412983,0.994439813121337,0.52422364024401,-0.448998233857613
"OBSERVATION.11",-0.16838455564478,1.28004287512554,1.46453470989898,-0.444574687514184,1.13978383510212
"OBSERVATION.12",-0.519075800281305,0.781714335371119,-0.31089345839613,-0.399824036135747,-0.710750680619663
"OBSERVATION.13",-0.884790640957614,0.913978478630335,0.81405456203224,-1.01274813626542,-1.16094566022051
"OBSERVATION.14",0.554140690976393,-1.27906789672323,-1.76162817473087,0.0314337292314561,0.448507400861852
"OBSERVATION.15",-0.285788050539944,-0.972455564622324,-2.15956897107288,0.122000523687817,-1.15685953387069
"OBSERVATION.16",-1.12521037870662,-0.506859060320942,-1.8359687630585,-0.798317931743736,-0.760745638311588
"OBSERVATION.17",1.13803528312934,-0.47279102342084,1.85700928651102,1.71224688517157,-0.36439138237897
"OBSERVATION.18",-0.674375894175699,0.544574078517474,0.689424752188864,-0.0324957727377401,0.284821986495501
"OBSERVATION.19",-1.00358677256433,0.306765820940297,0.658813921701017,0.878233257398434,0.190841080449622
"OBSERVATION.20",0.508985500632099,-1.14413175056989,-0.585297688840757,-0.134250230038711,-0.765793206155485
"OBSERVATION.21",0.234551666231218,-0.494167046573845,-1.43912121066248,-1.20400389632326,1.11550743737672
"OBSERVATION.22",-0.938048444896397,1.7068953374621,1.22839401756417,0.802583346734886,1.01840184647509
"OBSERVATION.23",-0.248229060440485,1.64343526872662,1.85263631072704,1.11796888978292,0.570610470609438
"OBSERVATION.24",-0.0849107551765433,-0.130774652972766,-0.618095007220593,0.690973091213664,2.10531145552743
"OBSERVATION.25",0.0565051727147918,1.03154660597186,-0.0485149113574433,-2.13071530195173,-1.13234277577176
"OBSERVATION.26",-0.237256771197946,-1.37125199657057,-1.46645230931235,-0.56177877445771,-0.138452631271231
"OBSERVATION.27",-0.197081312125266,1.43769104587895,0.658813921701017,0.460294138274814,-0.461496973280594
"OBSERVATION.28",-1.11271884941512,0.477106005440803,1.74987137980356,1.62620843043803,0.298522527786076
"OBSERVATION.29",-1.0627527322491,-1.48882012391209,0.397528618608325,0.98078683347402,-0.938852675089072
"OBSERVATION.30",-0.702313030631701,1.2239308143489,-0.364462411749862,-0.70695201851276,-0.0807661416267023
"OBSERVATION.31",-0.501688941943128,1.26467885848432,0.724408558460689,1.46798291306427,1.04748545167088
"OBSERVATION.32",0.772067235778199,0.967418536512847,0.635855798835132,-0.885688251101638,-0.0338958687905224
"OBSERVATION.33",-0.837863003889525,0.240633749310689,-1.28934679006123,0.156895376846004,0.611231373734127
"OBSERVATION.34",-0.304609746702145,-0.509531063215067,-1.5560983128839,-1.38487111231111,-0.586724727883926
"OBSERVATION.35",-0.642936065384578,-1.33918796184106,-1.02368851118456,-0.728794598352235,1.26765555381416
"OBSERVATION.36",-0.305538171176513,-1.58634822954768,-0.965746582046853,-1.13181683368304,-1.90486101626141
"OBSERVATION.37",1.62625995330984,-0.22830275860835,1.35958329108351,1.19308605459673,-0.504521480140472
"OBSERVATION.38",-0.185813615095428,0.00349349245704417,1.72254028115369,0.801517855035399,1.00325914294341
"OBSERVATION.39",-1.03376056798131,-0.121422642843327,0.0619027271880041,1.06336244018423,-0.529518958986434
"OBSERVATION.40",1.69981649234732,0.745642296300424,0.465309743259985,-0.251454316982237,0.573494795091665
"OBSERVATION.41",-0.181888911635597,1.3728949756964,-0.395073242237709,1.76818519939462,2.13896190782007
"OBSERVATION.42",-0.849510510931604,0.679510224670816,-0.0671000584393503,0.347884763978977,1.49455574641598
"OBSERVATION.43",-0.306466595650882,0.77236232524168,1.11251015928875,-0.56018053690848,0.163439997868471
"OBSERVATION.44",-0.463750141831427,1.45038305962605,0.777977511814421,-0.0724517114684877,0.564361100897947
"OBSERVATION.45",-0.891078606715838,-2.33985304569109,-1.99776886706569,-0.683777574048926,-1.48591288521802
"OBSERVATION.46",-0.114493735018926,1.28739088308439,1.83077143180715,0.514900587873502,2.51416445088303
"OBSERVATION.47",-1.21661798831947,0.213245719645902,0.171227121787457,-0.00932132827390644,-1.00134637220398
"OBSERVATION.48",-0.733837261647764,3.06961681346615,1.61977535023021,0.00932477646710912,1.87023901022597
"OBSERVATION.49",-0.955815113246816,1.68151130996791,2.16530407928148,0.799120498711554,0.635988492206571
"OBSERVATION.50",-0.917623106460287,0.71491426301798,0.797655902842322,1.73382309208618,0.637671014821203
"OBSERVATION.51",-0.0302603145262064,0.338829855669804,1.57823208028242,1.25461820024208,-0.38578345562215
"OBSERVATION.52",-0.076217326007455,-0.301114837473272,-0.150186598334935,-0.676585505077392,-0.558362203808699
"OBSERVATION.53",-1.1528943084878,-0.741995315003993,-1.30355896135916,-0.332431686143219,-1.79213200108106
"OBSERVATION.54",0.62402573322887,0.720926269529762,-0.0878716934132464,1.88858576143661,1.06238779482905
"OBSERVATION.55",1.66314372560975,-0.074662592196129,-2.37056505264982,-0.298868697609391,-0.621096261297124
"OBSERVATION.56",-0.462484108457288,0.476438004717272,1.83295791969914,1.91202657882531,1.63612800641859
"OBSERVATION.57",-1.05498772755438,-0.240994772355446,1.41643197627523,-0.400090409060618,0.0088882776958366
"OBSERVATION.58",-0.664880643869655,-0.807459385910069,-0.739445085225986,-0.0383559770849164,1.24602312019747
"OBSERVATION.59",-1.03072208788338,0.292069805022607,-0.572178761488823,0.739452963540304,-0.229789573208402
"OBSERVATION.60",-1.23400484665764,0.358201876652215,0.130777095785659,-0.327104227645786,-0.0449524459723905
"OBSERVATION.61",-1.45345063150842,-0.440726988691333,-0.784268087011761,0.369460970893581,0.128347383334715
"OBSERVATION.62",-0.928046781240699,0.783718337541713,0.323188030280697,-0.693633372269178,-0.409819492974037
"OBSERVATION.63",1.47100206052791,0.415649938875915,-1.40195091649867,-0.636629566346644,-0.48793661436767
"OBSERVATION.64",1.44268511405967,-0.382610925744102,-0.951534410748924,0.35321222247641,0.595367589081882
"OBSERVATION.65",-0.997509812368463,-1.60104424546537,-1.23905756854549,-1.65444051228122,-1.81785056104758
"OBSERVATION.66",0.280424275487524,0.290733803575544,-0.402725949859671,-0.760492976411962,0.681656963175157
"OBSERVATION.67",-0.267557169952341,-0.80278338084535,-1.20188727438167,-0.694166118118921,-0.0966299262789478
"OBSERVATION.68",-0.09031249757287,-0.269050802743765,0.779070755760415,2.4852611131491,0.442258031150361
"OBSERVATION.69",-0.826510904634745,-0.44874299737371,0.498107061639821,-0.62304454717819,1.02176689170436
"OBSERVATION.70",0.232779219507423,-0.968447560281135,0.0772081424319275,-0.390767356690111,0.283379824254387
"OBSERVATION.71",0.813086717100305,-2.00718868537245,-1.80973090835463,-1.82651742174831,-1.04821664504016
"OBSERVATION.72",0.428001565799669,-0.752015325856963,-1.47957123666428,-1.60276416485612,-1.72675397948393
"OBSERVATION.73",-0.470713325389192,-2.06998075338441,-0.385234046723758,0.36599812287025,0.271361805578444
"OBSERVATION.74",-1.25430358175634,0.501822032211465,-0.11520279206311,0.298605772877722,-0.189409030457232
"OBSERVATION.75",0.0910256827163174,1.13909472246042,-0.505490880783157,-0.506373206084407,-0.085092628350042
"OBSERVATION.76",0.402638697204416,0.708234255782666,0.598685504671318,1.16644876210956,1.12055500522062
"OBSERVATION.77",-0.029374091164309,-0.469451019803183,-0.0157175929776075,-1.33692398583421,0.998692295846547
"OBSERVATION.78",-0.273929537935508,-0.233646764396601,-0.482532757917271,-1.24848817477683,-1.74862677347415
"OBSERVATION.79",0.11832980248525,1.25532684835488,2.47906509178191,1.5532222490232,1.51859178376787
"OBSERVATION.80",-0.695898461536063,-0.173526699278775,0.840292416736109,0.777810664721822,0.156709907409942
"OBSERVATION.81",0.351026736652013,0.794406349118216,-1.94419991371196,-1.80787131700729,0.84918814351781
"OBSERVATION.82",1.18112261896254,-0.320486858455682,-0.614815275382609,1.67388918399006,2.55694859736939
"OBSERVATION.83",0.526414560082747,-0.315142852667431,-0.229993406392535,0.214698301543152,-0.0949474036643157
"OBSERVATION.84",0.80190342229541,-0.0759985936431918,-0.155652818064907,-0.877697063355488,0.480475330539862
"OBSERVATION.85",-0.738268378457251,1.0622746392543,0.171227121787457,0.258916207071846,0.0958987329096679
"OBSERVATION.86",0.823468190768246,-0.196238723878843,-1.33854276763099,-0.750903551116582,-0.207916779218185
"OBSERVATION.87",0.254090781305431,-0.289090824449707,-0.238739357960491,0.0378266794283758,-1.09989412534672
"OBSERVATION.88",0.229023320497477,-2.01720869622543,-1.60638753439965,-0.418203767951891,-1.81376443469776
"OBSERVATION.89",-0.197292317687622,-0.659831226009631,-0.84439650404146,0.583092056640645,-1.90221705215271
"OBSERVATION.90",0.70534727696107,0.453725980117204,0.891674882197852,-1.23756688485709,-0.582878961907624
"OBSERVATION.91",-0.338623843354015,1.24196683388425,-0.179704184876787,-0.260510996427873,0.724200749287997
"OBSERVATION.92",-1.02409651322538,-0.40064694527945,-0.86844787085334,-0.983713487454405,-1.55393487092386
"OBSERVATION.93",0.553381070951909,0.771026323794617,1.83186467575315,-0.407282478032153,1.0592631099733
"OBSERVATION.94",1.3027884262173,-0.243666775249572,1.46453470989898,1.16644876210956,0.00552323246657241
"OBSERVATION.95",0.0679416741945148,0.0863255821749371,0.377850227580423,-0.524486564975679,2.08031397668147
"OBSERVATION.96",-1.18256169055512,1.49580710882618,1.5607401771465,0.179270702535222,-0.793194288736636
"OBSERVATION.97",-0.963959927953777,0.823130380230066,0.224796075141189,-0.430190549571115,0.932593193128858
"OBSERVATION.98",0.146815553403379,-0.193566720984717,0.463123255367996,-0.152629961854855,0.329048295222973
"OBSERVATION.99",-0.483415860243054,-0.848207430045484,-0.158932549902891,0.24506481497852,-0.937410512847959
"OBSERVATION.100",0.602587568093448,0.302757816599109,1.43392387941114,0.292212822680802,0.472062717466701
"OBSERVATION.101",-0.942310757255999,-0.803451381568881,-0.865168139015356,0.980520460549148,-0.757380593082324
"OBSERVATION.102",2.00265167544138,-0.273058807084953,-0.707741010792144,-0.34228748436347,-0.0843715472294854
"OBSERVATION.103",2.02324581832738,-1.39062401755298,0.207304172005276,1.6725573193657,1.22727501106299
"OBSERVATION.104",0.552832456489782,-2.0272287070784,-1.71899166083708,-0.774610741430159,0.117771526899885
"OBSERVATION.105",-0.090861112034997,0.132417632098603,-1.76928088235283,-0.964268263938775,-0.205032454735959
"OBSERVATION.106",-1.22488940636384,0.616050155935333,-0.256231261096404,-0.659537637885606,1.16213734983938
"OBSERVATION.107",-1.34157548234699,-0.0192185321430233,0.357078592606527,-0.0916305620592466,0.441536950029804
"OBSERVATION.108",-0.594784596054822,1.14243472607807,1.12016286691071,0.731728148719026,-0.379534085910659
"OBSERVATION.109",-0.382386396986756,-0.638455202856626,-0.70664776684615,0.0809790932575832,0.124741977731932
"OBSERVATION.110",0.635124625808822,1.00816658064826,-0.662918009006369,0.996236463116576,1.63132079894822
"OBSERVATION.111",0.040637554425582,-1.21627582871128,-1.60748077834564,-0.607594917535634,-0.368477508728791
"OBSERVATION.112",-0.318873722717445,-0.162170686978742,0.746273437380579,1.44907043539838,0.648727592003071
"OBSERVATION.113",4.28741990463771,0.689530235523787,0.313348834766746,0.16115734364395,0.558111731186457
"OBSERVATION.114",-0.980798171829827,0.123733622692695,-0.387420534615747,-0.028766551789537,-0.118983441016203
"OBSERVATION.115",1.04616346127931,-0.0880226066667569,-2.05133782041942,0.478407497166086,1.3662033069569
"OBSERVATION.116",4.16853937080605,-0.51086706466213,-0.357902948073895,1.38167808540585,1.11478635625616
"OBSERVATION.117",0.0542263126413415,0.579978116864638,0.706916655324776,0.375321175240757,1.68347900000181
"OBSERVATION.118",1.23708129409948,-0.078002595813786,0.0564365074580314,1.86993965669559,-0.822518254305938
"OBSERVATION.119",0.463155092488264,0.221261728328279,1.48311985698089,-0.218157701373281,0.392743794205474
"OBSERVATION.120",1.26784590509106,-0.371254913444068,-0.634493666410511,-1.89204516126673,-1.70007397802334
"OBSERVATION.121",0.810259242564728,-0.788087364927659,-0.0124378611396239,-0.611057765558966,-1.17320403926997
"OBSERVATION.122",-0.0917895365093656,-2.12542481343751,-1.89937691192618,-0.872635977782927,-1.47149126280689
"OBSERVATION.123",-0.65141848899131,-0.85087943293961,-0.923110068153067,0.81137365325565,-0.217290833785421
"OBSERVATION.124",0.34153148634597,0.863878424365481,1.68755647488187,-0.274096015596327,1.75775035541914
"OBSERVATION.125",-0.704760695155036,0.830478388188911,1.75861733137151,0.417141724445607,-0.310069937963705
"OBSERVATION.126",-0.262957248692969,-0.192230719537655,0.47842867061192,1.55908245337037,-0.433374809578886
"OBSERVATION.127",-0.208306808042632,-0.889623474904431,-0.791920794633723,-0.810571086287832,0.301166491894784
"OBSERVATION.128",-1.41513202138447,1.09901467904853,-0.14909335438894,1.92827532724248,1.39624835364676
"OBSERVATION.129",-1.00295375587726,0.443037968540702,-0.29886777499019,0.543935236684512,0.556909929318863
"OBSERVATION.130",-0.925050502255236,1.17516676153111,-0.309800214450136,-0.522621954501578,-1.00374997593917
"OBSERVATION.131",-0.84967931538149,-0.423358969879517,0.0509702877280588,1.06149782971013,1.21790095649576
"OBSERVATION.132",-0.682436306657717,1.48445109652615,0.810774830194256,0.49678722898223,0.743910299916544
"OBSERVATION.133",-0.096727066668508,1.13174671450157,-0.0266500324375528,2.25511490606,0.574696596959259
"OBSERVATION.134",-0.730587775987474,2.48378017892911,1.52029015114471,1.200810869418,2.13078965512043
"OBSERVATION.135",0.612082818399491,-1.19489980555828,-1.53423343396401,1.12302997535548,-0.473755352330056
"OBSERVATION.136",2.3029125906747,-0.0592985755549069,0.65225445802505,1.23357473917722,1.08233770583111
"OBSERVATION.137",0.937495596665706,-0.860231443069049,-0.056167618979405,-0.0186443806444142,0.713624892853166
"OBSERVATION.138",-0.567016264048705,-0.969783561728198,0.167947389949473,-0.589747931569234,-1.16022457909995
"OBSERVATION.139",0.854443807322182,-0.291762827343832,-0.506584124729151,-1.20240565877403,-0.65186238910754
"OBSERVATION.140",-0.221937767370863,-0.143466666719863,0.605244968347285,0.549529068106817,0.537921459810872
"OBSERVATION.141",2.27868915211617,0.51384604523503,-0.4967449292152,-0.508237816558509,-0.371602193584536
"OBSERVATION.142",-0.740884847430471,-1.44874008050021,-0.451921927429425,-0.64568624579228,-1.27367467540086
"OBSERVATION.143",-0.194253837589688,0.855194414959573,0.171227121787457,-0.262641979826846,-0.54754598700035
"OBSERVATION.144",-0.776122776344009,-0.516879071173912,-1.25326973984341,-1.70851421603017,-1.66185667863384
"OBSERVATION.145",0.208175970936653,0.948046515530437,0.784536975490388,-1.2468899372276,-0.648737704251794
"OBSERVATION.146",1.33114757379802,0.0736335684278406,0.0826743621619001,0.173943244037789,0.183149548497018
"OBSERVATION.147",-0.118924851828413,-1.85154451678964,-1.78786602943474,-0.178734508492276,-0.47087102784783
"OBSERVATION.148",-0.6452571265705,-1.46276809569437,-1.04118041432048,-0.108678429251032,-1.44793594620204
"OBSERVATION.149",0.418717321055982,-1.20157981279359,-1.67088892721332,0.108415504519363,-0.955677901235393
"OBSERVATION.150",0.654874746445392,-0.0766665943667232,-0.513143588405118,-1.45945553127517,-2.55719906999163
"OBSERVATION.151",-0.913951609675284,0.907298471395022,-0.681503156088276,0.0831100766565564,1.17703969299755
"OBSERVATION.152",-0.566889660711291,-0.0145425270783035,0.788909951274366,-0.903002491218295,-1.12585304568675
"OBSERVATION.153",-0.834697920454177,0.129077628480946,0.863250539601994,0.236274508457756,0.463409744020022
"OBSERVATION.154",-0.669691570691384,0.310773825281486,0.169040633895468,-1.89497526344032,-2.16733454414402
"OBSERVATION.155",0.693741971031462,-0.36257090403816,-0.297774531044196,-0.506639579009279,0.665072097402354
"OBSERVATION.156",-0.796632517005062,1.53254714862041,-0.501117904999178,-0.746108838468893,0.261026309517132
"OBSERVATION.157",0.271013427406423,-1.29710391625858,-1.36040764655088,-1.00049498172132,-0.620134819803049
"OBSERVATION.158",-0.907959051704359,0.881914443900828,0.879649198791912,0.576432733518854,0.801596789561073
"OBSERVATION.159",-0.600101936226206,-0.4293709763913,1.78485518607538,1.12622645045394,-0.589128331619114
"OBSERVATION.160",-0.0730944436845786,0.508502039446779,0.726595046352678,0.476276513767113,1.12656401455859
"OBSERVATION.161",-0.21016365699137,-1.52756416587691,-1.09802909951219,-1.37847816211419,-1.06888763716278
"OBSERVATION.162",-0.428596615142832,-0.269050802743765,-0.724139669982062,-1.42429430519212,-0.981156100828393
"OBSERVATION.163",0.881368117078873,0.491802021358494,-0.603882835922664,-2.25058311814398,-0.0843715472294854
"OBSERVATION.164",-0.234598101112254,-0.562971121097579,-0.754750500469909,-2.01777318180615,-1.447455225455
"OBSERVATION.165",-0.607444929796213,-0.354554895355783,-0.0845919615752628,0.630772810192671,-2.00893705799509
"OBSERVATION.166",-0.6404039986363,-0.647807212986066,-0.427870560617545,-0.536206973670032,-0.942458080691855
"OBSERVATION.167",0.704967466948828,1.1431027268016,1.54652800584857,-0.167546845647667,0.968887609530207
"OBSERVATION.168",0.635251229146236,-0.17085469638465,-0.712113986576122,1.4930219680022,1.50561232359785
"OBSERVATION.169",1.45070332542922,0.278041789828447,1.15077369739855,0.104952656496032,-0.0274061387055129
"OBSERVATION.170",-0.80853323072197,-0.291094826620301,-0.203755551688666,-2.74763499595448,-1.6945456894324
"OBSERVATION.171",3.65756830100352,0.35085386869337,-0.778801867281789,-0.81989413865834,0.897500578595103
"OBSERVATION.172",-0.266924153265272,-2.03123671141958,-1.65230378013142,0.0703241762627172,0.380245054782492
"OBSERVATION.173",0.0998457152228196,-0.749343322962838,-1.61294699807561,-1.35823381982395,-0.120425603257316
"OBSERVATION.174",-0.702439633969115,-0.447406995926647,-0.202662307742672,-0.229611737142762,0.854716432108744
"OBSERVATION.175",-0.015278919598894,2.18251185261645,0.519971940559712,-0.0687224905202846,-0.806414109280174
"OBSERVATION.176",2.55611926550252,-0.385950929361759,-0.773335647551816,0.250925019325696,-0.119944882510278
"OBSERVATION.177",-1.29692670535235,0.184521688534052,0.0280121648621737,0.574834495969624,-0.18340002111926
"OBSERVATION.178",0.613602058448458,-0.974459566792918,-1.75834844289289,-0.489858084742365,-0.655708155083842
"OBSERVATION.179",-0.912727777413616,0.431681956240668,0.560421966561509,-0.408081596806768,-0.165613353478864
"OBSERVATION.180",0.0197480037522872,-0.463439013291401,0.078301386377922,0.27729593888799,-0.904961862422911
"OBSERVATION.181",-0.357192332841388,-0.296438832408552,-0.626840958788549,-2.04441047429332,0.00191782686378934
"OBSERVATION.182",-0.848624287569707,-1.58768423099474,-1.09037639189023,-1.17150639948892,-2.0409049876731
"OBSERVATION.183",-0.156990255277528,0.942702509742185,0.182159561247402,-1.27246173801527,-0.918422043339968
"OBSERVATION.184",1.61140516171994,-0.195570723155312,0.229169050925167,0.239737356481087,1.31404510590331
"OBSERVATION.185",-0.0362950736096027,1.18785877527821,0.812961318086245,1.19841351309416,-0.6220577027912
"OBSERVATION.186",-0.717083419996657,0.382917903422876,-0.527355759703047,-1.32520357713986,-1.27728008100364
"OBSERVATION.187",1.9548378150114,-0.469451019803183,0.675212580890935,0.0359620689542742,-0.0331747876699658
"OBSERVATION.188",-0.483584664692939,0.611374150870614,0.406274570176281,-0.399824036135747,-0.0644216362274191
"OBSERVATION.189",-1.04684291284742,0.630078171129493,-0.186263648552754,1.60250124012445,0.263189552878802
"OBSERVATION.190",0.758520678674911,1.03488660958952,-1.84034173884248,-1.53457269608898,-1.19675935587482
"OBSERVATION.191",-0.226748694192591,-1.0506116492755,-0.565619297812856,1.24263141862285,-0.9583218653441
"OBSERVATION.192",-0.465649191892636,-0.00786251984298954,0.807495098356273,-1.33692398583421,-0.171382002443317
"OBSERVATION.193",-0.745948980927028,0.407633930193538,1.15186694134455,1.18269751052673,-0.195898760542241
"OBSERVATION.194",-0.180454073811572,-2.00585268392539,-1.29044003400723,-1.43628108681134,0.135558194540282
"OBSERVATION.195",1.76683185895175,-0.694567263633263,-1.97371750025381,0.0863065517550162,-0.506204002755104
"OBSERVATION.196",2.44230286516742,0.636090177641275,0.399715106500314,1.79855171282999,0.14012504163714
"OBSERVATION.197",1.03675261319821,-0.550947108074014,-0.64870583770844,-0.0514082504036273,-0.697530860076125
"OBSERVATION.198",0.080517605710963,0.360205878822809,0.666466629322979,0.30473235014977,1.03835175747716
"OBSERVATION.199",2.58578664756984,0.934686501059809,1.50498473590078,-1.15019656549919,0.075227740787045
"OBSERVATION.200",-0.411547365704426,0.56194209732929,-0.130508207307033,-0.628105632750751,0.96408040205983
"OBSERVATION.201",-0.73079878154983,-1.28240790034089,-1.54079289763998,1.03725789354681,-1.36621341920562
"OBSERVATION.202",0.0701783331554939,-0.729971301980427,-0.524076027865063,-0.845465939446019,-0.771561855119938
"OBSERVATION.203",1.70888973152865,-1.21093182292303,-0.238739357960491,-1.31774513524346,0.586474255261684
"OBSERVATION.204",2.51999511322708,-0.00853052056652094,-1.1559710286499,-0.555119451335919,-0.896068528602713
"OBSERVATION.205",-1.27278766901877,-0.904319490822121,1.30820082562177,-0.544997280190796,-0.866504202659892
"OBSERVATION.206",1.08047296571848,0.477106005440803,0.459843523530013,0.234409897983654,0.641036060050467
"OBSERVATION.207",1.26978715626474,1.43167903936717,2.04504724522208,0.522359029769909,0.556429208571825
"OBSERVATION.208",3.12401963602884,-1.36791199295291,0.405181326230286,0.624912605845494,0.898702380462697
"OBSERVATION.209",-0.674207089725813,-0.432042979285425,1.12344259874869,0.266374648968252,-1.47437558728912
"OBSERVATION.210",-0.163109416585867,-0.427366974220706,-0.000412177733684066,1.47996969468349,-0.468948144859679
"OBSERVATION.211",0.663483773389538,-0.26170279478492,-0.723046426036068,-1.82811565929754,-0.461496973280594
"OBSERVATION.212",2.43010674366321,0.988794559665852,0.307882615036773,0.940830894743272,-0.831651948499655
"OBSERVATION.213",0.339210425160048,0.0883295843455313,0.893861370089841,-0.03409401028697,-1.1328234965188
"OBSERVATION.214",-0.908296660604129,1.1110386920721,0.208397415951271,0.185663652732142,0.809047961140158
"OBSERVATION.215",-0.335205553243839,0.594006132058797,-0.955907386532902,1.55961519922012,0.729729037878931
"OBSERVATION.216",0.0709379531799773,-0.500179053085628,-2.0360324051755,-1.11876456036433,-1.03187213964087
"OBSERVATION.217",-0.411125354579713,-1.11807972235217,-1.92014854690008,-0.00852220949929149,0.760975886436384
"OBSERVATION.218",-1.07110855251841,0.97343054302463,1.28305621486389,0.877434138623819,-1.30948837105517
"OBSERVATION.219",-0.201217021147453,-1.28975590829974,0.553862502885542,-0.967464739037235,0.641036060050467
"OBSERVATION.220",2.31696556112765,1.20455879336649,0.150455486813561,0.863849119455365,0.287946671351246
"OBSERVATION.221",-1.15762083308458,1.86120350459785,0.388782667040368,0.00612830136864931,-0.308387415349073
"OBSERVATION.222",-0.518316180256821,1.20322279191943,-0.773335647551816,-2.1235232329802,-0.995337362866006
"OBSERVATION.223",-0.514349275684519,0.523198055364469,-0.28902857947624,1.02127551805451,-0.812903839365183
"OBSERVATION.224",-0.607909142033397,-0.129438651525703,0.289297467954866,0.739985709390047,1.4438397076035
"OBSERVATION.225",0.874109525733809,-0.466779016909058,-0.887033017935247,-0.87636519873113,-0.246855159728242
"OBSERVATION.226",-0.425895743944669,0.937358503953934,-0.345877264667955,-1.10784327044459,0.246364326732481
"OBSERVATION.227",-0.998564840180245,1.58665520722645,1.39784682919332,1.45466426682069,0.172814052435707
"OBSERVATION.228",-0.243924546968412,0.243305752204815,0.479521914557914,0.303933231375155,0.293715320315699
"OBSERVATION.229",-0.401545702048727,-1.082675684005,-1.64246458461747,0.795924023613094,-0.683109237664993
"OBSERVATION.230",1.08887098710027,0.548582082858662,-0.610442299598631,0.318850115167967,1.12968869941433
"OBSERVATION.231",-0.97700007170741,-0.594367155103554,-1.1166142465941,-2.1413702189466,-0.669649056747936
"OBSERVATION.232",-0.929608222402137,-0.906991493716247,-0.468320586619342,0.607598365728837,0.911922201006235
"OBSERVATION.233",-0.452229238126761,0.817786374441815,0.178879829409419,-1.19015250422993,-0.987165110166365
"OBSERVATION.234",0.114151892350591,1.04357061899543,-1.27076164297933,0.00852565769249417,0.582388128911863
"OBSERVATION.235",2.7343767645813,-0.892963478522088,-0.819251893283586,0.910198008383032,0.64464146565325
"OBSERVATION.236",-0.730587775987474,1.60535922748533,1.00865198441927,0.408884163774585,1.03450599150086
"OBSERVATION.237",2.63575276473587,-1.75468441187759,-1.42928201514853,0.626510843394724,-0.975627812237459
"OBSERVATION.238",-0.810769889682949,-0.925027513251595,-0.110829816279131,0.104419910646288,-1.218151429118
"OBSERVATION.239",0.868834386674896,-1.47078410437674,-0.0397689597894871,0.960542491183774,-0.808817713015363
"OBSERVATION.240",-1.20547689462704,0.624734165341241,0.376756983634428,-0.368658403925763,-1.45009918956371
"OBSERVATION.241",0.279200443225856,-0.2570267897202,2.48562455545787,0.116140319340641,-0.228828131714327
"OBSERVATION.242",0.121832494820368,-1.50618814272391,-0.338224557045994,-0.7892612522981,0.323520006632039
"OBSERVATION.243",-0.554988946994383,-1.4868161217415,-0.690249107656232,0.284488007859524,-0.263680385874563
"OBSERVATION.244",1.44487957190818,-1.47813211233559,-0.575458493326806,0.400892976028436,-0.815547803473891
"OBSERVATION.245",-1.11187482716569,0.630078171129493,-1.31995762054908,0.392369042432543,-0.0432699233577584
"OBSERVATION.246",-0.0186972097090695,-1.07733167821675,-0.855328943501406,-0.022639974517489,0.691752098862949
"OBSERVATION.247",-0.528908659487118,-1.02455962105777,-0.586390932786752,0.922717535852,0.841256251191687
"OBSERVATION.248",-0.318409510480261,1.15045073476045,1.59681722736432,0.816434738828211,0.345633160995775
"OBSERVATION.249",-1.22062709400424,0.807766363588844,0.900420833765808,0.181135313009324,-0.188447588963156
"OBSERVATION.250",-0.0315685490128168,0.577974114694044,0.513412476883745,-0.934700869278022,1.54839647008421
"OBSERVATION.251",-1.08849541085659,0.849850409171321,1.62742805785217,-0.531145888097471,-1.04004439234052
"OBSERVATION.252",1.0913186516236,-1.7146043684657,-0.248578553474442,1.06948901745628,-0.077641456770957
"OBSERVATION.253",-1.26485385987416,-0.368582910549943,-0.586390932786752,1.22425168680671,-0.227145609099695
"OBSERVATION.254",-0.955815113246816,-0.120086641396264,-0.311986702342125,-0.350545045034491,0.312944150197208
"OBSERVATION.255",4.02028686269436,0.826470383847723,0.0498770437820643,1.2788581364054,-1.09124115190004
"OBSERVATION.256",1.03704802098551,-0.770051345392311,0.102352753189802,0.745579540812352,-0.0978317281465421
"OBSERVATION.257",-0.618628224601108,-0.0412625560195593,0.434698912772138,-0.300999681008364,0.769628859883063
"OBSERVATION.258",0.366303539366624,-1.39797202551182,-0.657451789276396,-0.655542044012531,0.0660940465933279
"OBSERVATION.259",-0.461429080645505,-0.983143576198826,-1.09256287978222,1.60995968202086,-0.504040759393434
"OBSERVATION.260",0.660023282166891,0.724266273147419,1.51045095563076,0.966402695530951,0.270400364084368
"OBSERVATION.261",-0.394244909591192,-0.0172145299724291,1.33881165610961,-1.30469286192474,-1.04941844690775
"OBSERVATION.262",-0.0114808194764767,0.378909899081688,0.131870339731654,-0.243196756311216,-0.855687985851542
"OBSERVATION.263",1.80574128465029,-0.717947288956862,-0.766776183875849,0.846002133488965,-0.861456634815995
"OBSERVATION.264",1.34912524771079,2.36420804941699,-0.0364892279515035,1.63952707668161,0.8554375132293
"OBSERVATION.265",-0.364197717511624,1.81377545322712,-0.0572608629253996,1.11956712733215,1.21525699238705
"OBSERVATION.266",-1.06161330221237,-0.522891077685695,-0.463947610835364,-0.194983256909447,-0.278102008285695
"OBSERVATION.267",-0.748227841000478,0.0322175235688942,-0.727419401820046,-0.932037140029305,0.660745610679015
"OBSERVATION.268",-1.40677620111516,1.92800357695099,0.685051776404886,-0.407282478032153,-0.429288683229065
"OBSERVATION.269",-0.778570440867345,-0.294434830237958,-1.22265890935557,1.27779264470591,0.724441109661516
"OBSERVATION.270",1.20711850424486,0.155129656698671,-0.38086107093978,-1.47943350064055,2.04233703766549
"OBSERVATION.271",-0.053217719710595,-1.01587561165186,-1.39320496493071,0.121201404913202,-0.731902393489324
"OBSERVATION.272",-0.128251297684571,-0.996503590669454,-0.643239617978467,-0.0719189656187444,-0.930199701642392
"OBSERVATION.273",-0.819632123301922,-0.108062628372699,-0.79848025830969,-1.12249378131254,1.8909100023486
"OBSERVATION.274",-0.423743487208632,-2.01520469405483,-1.15925076048788,-1.95357730691209,-2.02840624825011
"OBSERVATION.275",-0.0698871591367596,-1.18755179759943,-0.870634358745329,-1.49967784293079,0.232663785441905
"OBSERVATION.276",-0.110653433784038,-1.51554015285335,-0.657451789276396,0.908599770833803,-1.75679902617379
"OBSERVATION.277",-0.703494661780897,-0.379270922126445,1.79141464975135,-1.39632514808059,0.151662339566046
"OBSERVATION.278",0.0412705711126516,-0.853551435833735,0.811868074140251,0.994371852642474,0.0636904428581392
"OBSERVATION.279",0.226660058199084,-0.719951291127456,-0.552500370460921,0.331636015561807,0.539363622051985
"OBSERVATION.280",0.373688734049102,-1.36590799078232,-0.0944311570892136,1.67015996304185,1.39624835364676
"OBSERVATION.281",-0.962145280117511,-1.27773189527617,-0.14909335438894,-2.10434438238944,-1.0181715983503
"OBSERVATION.282",-0.393147680666938,-0.998507592840048,-0.0944311570892136,-0.0476790294554242,-1.18185701271665
"OBSERVATION.283",0.528187006806541,1.86387550749198,1.51591717536073,0.19019199245496,0.839333368203536
"OBSERVATION.284",-0.67635934646185,1.0622746392543,0.0772081424319275,1.37741611860791,0.240836038141547
"OBSERVATION.285",-0.548700981236159,-0.241662773078978,0.329747493956664,-0.442710077040082,0.267756399975661
"OBSERVATION.286",-0.287222888363968,-0.770719346115842,0.646788238295077,-0.109477548025647,0.247085407853038
"OBSERVATION.287",-0.302246484403752,-0.590359150762366,0.631482823051154,1.5372398735309,0.492974069962843
"OBSERVATION.288",0.143566067743089,-1.40732403564126,0.425952961204182,-1.04604475187437,-1.40827648457143
"OBSERVATION.289",0.413948595346725,-1.52288816081219,-0.509863856567135,-0.912325543588803,-0.968897721778931
"OBSERVATION.290",-0.593898372692924,-2.07666076061972,-0.626840958788549,-0.543132669716695,-0.270891197080129
"OBSERVATION.291",-1.12567459094381,-0.820151399657166,-0.0692865463313394,0.0945641124260374,-0.820355010944268
"OBSERVATION.292",-0.831701641468715,-1.71260036629511,-0.336038069154004,-1.09638923467511,-0.455007243195584
"OBSERVATION.293",0.738897161375755,1.84316748506251,1.03379659517714,1.47943694883375,0.911201119885678
"OBSERVATION.294",-0.752236946685252,1.61938724267949,1.00755874047327,-0.47627306557391,1.8692775687319
"OBSERVATION.295",-1.07802953496371,1.36821897063168,1.41424548838324,1.51193444566809,-1.0946061971293
"OBSERVATION.296",-0.372469135555999,-0.815475394592446,-0.805039721985657,1.17284171230648,1.21958347911039
"OBSERVATION.297",2.66871183357595,-0.335182874373373,0.412834033852248,-0.497849272488514,0.933314274249414
"OBSERVATION.298",-1.25974752526514,0.551922086476319,0.878555954845917,0.0426213920760655,-1.09220259339411
"OBSERVATION.299",-1.2324434054962,0.442369967817171,1.6809970112059,-0.346549451161416,1.157330142369
"OBSERVATION.300",-0.586850786910217,0.330813846987428,-0.730699133658029,-0.775143487279903,-1.73059974546023
"OBSERVATION.301",-0.355841897242306,0.19788170300468,1.03161010728515,-1.04817573527334,0.0862843179689131
"OBSERVATION.302",0.466404578148554,1.53321514934394,0.348332641038571,-0.196315121533805,1.02537229730714
"OBSERVATION.303",0.512868002979459,-1.21560782798775,-1.24671027616745,0.529551098741443,-0.14301947836809
"OBSERVATION.304",-0.708263387490154,1.47376308494964,1.16389262475049,0.233078033359296,-1.09869232347912
"OBSERVATION.305",0.0563785693773779,-0.00986652201358373,-1.66979568326733,-1.36329490539651,-1.014325832374
"OBSERVATION.306",-0.0422454304680563,0.159137661039859,-0.586390932786752,0.206174367947259,0.811211204501828
"OBSERVATION.307",0.908672236847806,1.10569468628385,0.706916655324776,1.97995167466758,1.67554710767569
"OBSERVATION.308",-0.130023744408366,0.789062343329965,-0.0889649373592409,1.71730797074413,0.473504879707814
"OBSERVATION.309",0.102715390870868,0.0783095734925604,0.52434491634369,-0.255716283780184,-0.385302734875112
"OBSERVATION.310",-0.0361684702721888,-0.00251851405473838,-0.692435595548221,-0.380112439695244,-0.41126165521515
"OBSERVATION.311",-0.232066034363976,-0.251682783931949,0.0116135056722558,0.998633819440421,0.127145581467121
"OBSERVATION.312",-1.39238562176244,0.0569335503395558,-0.340411044937983,0.530882963365802,0.52133659403807
"OBSERVATION.313",2.06367448407489,1.07429865227787,2.59057597427335,0.973861137427357,-0.112493710931193
"OBSERVATION.314",-0.329381799722799,0.253325763057786,-1.36915359811883,-1.21279420284403,0.326644691487784
"OBSERVATION.315",-0.583685703474869,-0.464775014738464,-0.377581339101797,-0.227214380818917,1.13473626725823
"OBSERVATION.316",0.977333446838615,-1.21159982364656,-1.30793193714314,-0.570569080978475,-0.510049768731406
"OBSERVATION.317",-1.0961338122139,1.12907471160744,-0.0692865463313394,-0.341754738513727,-1.75511650355916
"OBSERVATION.318",-1.05954544770128,1.50582711967915,0.282738004278899,-0.593743525442308,-0.0516825364309189
"OBSERVATION.319",1.58047174627847,-0.0312425451665884,-0.601696348030675,1.61928273439137,0.850870666132442
"OBSERVATION.320",-0.212020505940107,-0.814139393145383,0.160294682327512,1.0138170761581,0.98739535829116
"OBSERVATION.321",-0.141713452562917,0.383585904146408,-0.922016824207072,-1.32999828978755,-2.24521130516414
"OBSERVATION.322",-0.813048749756399,0.555930090817508,1.6022834470943,0.465355223847375,0.920815534826433
"OBSERVATION.323",-0.513758460109921,0.718922267359168,1.32787921664967,0.783404496144127,1.49503646716302
"OBSERVATION.324",0.130230516202158,0.779042332476994,0.172320365733452,0.278361430587477,0.149979816951414
"OBSERVATION.325",0.125630594942786,-0.599711160891805,0.749553169218563,0.926713129725075,0.992683286508576
"OBSERVATION.326",-0.90183989039602,0.859870420024292,1.69302269461184,0.624646232920623,1.44696439245924
"OBSERVATION.327",-0.0234237343058554,0.835154393253631,0.599778748617312,2.07078484204882,0.727325434143742
"OBSERVATION.328",-1.23058655654747,0.640766182705995,-0.203755551688666,0.544734355459127,0.0937354895479981
"OBSERVATION.329",-0.673152061914031,-0.238990770184852,-1.22375215330156,-0.0378232312351731,-0.114176233545825
"OBSERVATION.330",-0.695856260423592,0.836490394700694,0.74408694948859,-0.396893933962158,-0.00577370508881453
"OBSERVATION.331",1.02215102828314,0.325469841199176,-0.172051477254825,-0.782601929176309,-0.468467424112641
"OBSERVATION.332",-0.641248020885726,0.947378514806905,1.37707519421942,0.819098468076928,-0.7965593339659
"OBSERVATION.333",0.0519474525678911,-1.795432456013,0.323188030280697,0.391303550733057,-0.0252428953438431
"OBSERVATION.334",0.314775981039164,-0.880271464774991,-1.47191852904232,-1.56840205754768,1.22679429031596
"OBSERVATION.335",-1.1301057077533,0.0863255821749371,-1.32761032817104,-0.591079796193592,-1.49913270576156
"OBSERVATION.336",-0.0127890539630871,0.952722520595156,0.701450435594804,-0.644354381167922,0.463169383646503
"OBSERVATION.337",1.49493009129914,-1.24232785692901,-0.676036936358303,-2.74230753745704,-2.6918008791622
"OBSERVATION.338",0.432517084834098,-1.68387633518326,0.0815811182159056,1.27379705083284,-1.26285845859251
"OBSERVATION.339",-0.254601428423651,0.563946099499885,0.365824544174483,0.986114291971453,-0.546344185132755
"OBSERVATION.340",1.63275892463042,-0.715275286062737,1.49842527222482,1.65950504604699,-0.449959675351688
"OBSERVATION.341",-0.621033688011972,0.0375615293571453,-0.420217852995583,0.399827484328949,-0.223299843123393
"OBSERVATION.342",-1.05199144856891,-0.0118705241841779,0.793282927058344,-0.860382823238831,1.1445910425725
"OBSERVATION.343",1.14339482441319,-0.569651128332893,-0.944974947072957,-0.888618353275226,-1.03211250001439
"OBSERVATION.344",0.801650215620582,0.0155175054806093,1.02723713150117,0.917390077354567,-0.801606901809796
"OBSERVATION.345",-0.926696345641617,-0.639123203580158,0.191998756761353,0.449639221279948,-1.45418531591353
"OBSERVATION.346",0.0578556083138735,0.867218427983138,0.177786585463424,-1.19601270857711,0.51484686395306
"OBSERVATION.347",-0.563851180613357,0.732950282553327,1.80344033315729,-0.188856679637399,-0.163450110117194
"OBSERVATION.348",1.18783259584547,-1.32449194592337,0.257593393521025,1.22078883878338,-1.2614162963514
"OBSERVATION.349",-1.27342068570584,0.483118011952586,-0.47488005029531,-0.619315326229987,-0.0963895659054289
"OBSERVATION.350",-1.24041941575328,1.44169905022014,-0.40491243775166,-0.521822835726963,-1.26430062083362
"OBSERVATION.351",-0.500296305231575,-0.139458662378674,-1.01931553540059,0.64036223548805,-0.595377701330605
"OBSERVATION.352",-0.0338052079737958,-0.643131207921346,-1.45333338196041,-0.466150894428788,-1.19844187848945
"OBSERVATION.353",0.0418613866872498,-0.144802668166925,-0.800666746201679,-1.74793740891117,-1.62412009999137
"OBSERVATION.354",0.906393376774356,-1.30912792928215,-0.198289331958694,-0.127590906916919,0.0185026926365914
"OBSERVATION.355",-0.243080524718986,-0.514207068279787,-0.930762775775028,0.372124700142298,0.978261664097443
"OBSERVATION.356",0.543717016195981,0.248649757993066,0.394248886770341,-1.16218334711841,0.878752469460631
"OBSERVATION.357",-0.227803722004374,-0.872255456092615,0.0684621908639713,1.15126550539188,-0.960965829452808
"OBSERVATION.358",-0.969024061450333,-1.14079174695224,-0.893592481611214,0.295409297779262,-0.657390677698474
"OBSERVATION.359",0.224001388113392,-1.33985596256459,-1.4369347227705,-0.967198366112363,-0.806414109280174
"OBSERVATION.360",-0.689610495777839,-0.317814855561557,-0.584204444894763,-0.891015709599071,-0.9073654661581
"OBSERVATION.361",-1.09453016993999,0.410305933087664,-0.214687991148612,-1.1171663228151,0.113445040176545
"OBSERVATION.362",0.481976788650465,-0.4293709763913,-1.68182136667327,-0.216559463824051,-1.25829161149565
"OBSERVATION.363",-0.954886688772447,-2.09469678015507,-1.07944395243028,-1.21039684652018,0.398512443169927
"OBSERVATION.364",-0.165641483334145,-1.3017799213233,-1.21828593357159,-1.8989708573134,-0.596339142824681
"OBSERVATION.365",-0.390826619481016,1.91263956030977,-0.109736572333137,-0.185926577463811,0.344431359128181
"OBSERVATION.366",1.01096773347824,-0.262370795508451,-1.65995648775338,-1.66189895417763,0.000956385369713858
"OBSERVATION.367",-0.4009970875866,-0.198910726772968,1.52356988298269,0.604668263555249,1.47941304288429
"OBSERVATION.368",-1.20239621341664,0.785722339712308,1.69083620671985,-0.0519409962533706,0.356930098551162
"OBSERVATION.369",0.103517212007823,0.885254447518485,1.44266983097909,0.78074076689541,2.72255689472389
"OBSERVATION.370",0.0775213267255005,-1.49683613259447,-1.44458743039246,-1.60303053778099,0.0293189094449406
"OBSERVATION.371",-0.772746687346305,2.32412800600511,1.04363579069109,0.905403295735343,2.18535145990921
"OBSERVATION.372",-0.481305804619489,-0.14680667033752,0.0772081424319275,-1.36915510974368,-1.06888763716278
"OBSERVATION.373",-0.530470100648556,1.23862683026659,1.061127693827,1.46638467551504,2.800433655744
"OBSERVATION.374",-0.850396734293502,0.386257907040533,-0.00259866562567312,-0.322575887922968,-0.180275336263515
"OBSERVATION.375",-0.949906957500833,0.307433821663829,0.425952961204182,-0.449103027237002,2.53627760524677
"OBSERVATION.376",0.290003928018509,0.812442368653563,2.06472563624998,2.25351666851077,1.89331360608379
"OBSERVATION.377",-0.174334912503234,-1.43471206530605,-0.468320586619342,-0.083639374313097,1.69717954129239
"OBSERVATION.378",-0.628587687144335,1.81577945539772,1.39019412157136,-0.723200766929931,0.751361471495629
"OBSERVATION.379",1.54962273306195,0.602690141464705,0.906980297441775,-0.440579093641109,-0.27065083670661
"OBSERVATION.380",0.94315054573686,-0.6017151630624,0.287110980062877,-1.35823381982395,0.900625263450848
"OBSERVATION.381",-0.918087318697471,0.208569714581182,1.66459835201598,1.14007784254727,0.514606503579541
"OBSERVATION.382",0.312581523190656,-0.00452251622533257,0.353798860768543,0.910997127157647,-0.241326871137308
"OBSERVATION.383",-1.0139260451198,0.979442549536412,-0.431150292455528,0.907534279134316,0.675407593463666
"OBSERVATION.384",0.0873119848188428,1.42299502996126,0.835919440952131,-0.0887004598856584,0.524941999640853
"OBSERVATION.385",-1.13770190799813,-0.181542707961152,1.73347272061364,-0.780470945777336,-0.532884004215699
"OBSERVATION.386",-0.639475574161931,1.62205924557361,0.852318100142049,1.18829134194904,-0.398282195045131
"OBSERVATION.387",-1.03241013238223,-1.48147211595325,-0.0463284234654543,0.327906794613604,-0.0764396549033626
"OBSERVATION.388",0.590940061051368,-0.301782838196803,0.293670443738844,-0.191786781810987,0.794626338729026
"OBSERVATION.389",-0.702692840643943,1.56260718117932,0.914633005063737,-0.0237054662169756,0.292513518448104
"OBSERVATION.390",0.582668643006993,0.239297747863627,0.948523567389567,-0.48746072841852,0.00263890798434596
"OBSERVATION.391",0.859845549718509,-0.291094826620301,-1.49815638374619,-1.13448056293176,0.0310014320595727
"OBSERVATION.392",-1.03181931680763,0.717586265912105,0.947430323443573,-0.79085948984733,-0.501637155658245
"OBSERVATION.393",2.66267707449256,0.776370329582868,-0.106456840495153,-0.627306513976136,0.645362546773807
"OBSERVATION.394",-0.604490851923221,1.62473124846774,1.13218855031665,-0.292475747412471,0.595607949455401
"OBSERVATION.395",1.59283667223256,-0.335850875096904,1.55636720136253,1.58412150830831,0.853033909494112
"OBSERVATION.396",-0.275744185771774,0.0262055170571116,-0.908897896855138,-0.312720089702717,-0.703059148667059
"OBSERVATION.397",2.03058881189739,-1.4614320942473,-1.02259526723857,-1.15765500739559,-0.368477508728791
"OBSERVATION.398",-1.47518420443114,1.32279492143155,0.810774830194256,1.32627251703255,-0.814826722353334
"OBSERVATION.399",1.2894106735639,0.260673771016631,-0.4967449292152,-0.0724517114684877,-0.176910291034251
"OBSERVATION.400",0.663863583401779,-1.61707626283012,-1.11114802686413,-0.82468885130603,1.53253268543196
"OBSERVATION.401",0.755313394127092,-0.548943105903419,0.0345716285381409,-1.38007639966342,0.798231744331809
"OBSERVATION.402",-1.27329408236843,0.453057979393673,0.0159864814562339,-1.0955901159005,-0.0411066799960886
"OBSERVATION.403",0.184965359077437,-1.39062401755298,0.577913869697422,-1.01434637381465,0.0954180121626302
"OBSERVATION.404",0.681292642852427,2.24062791556369,0.333027225794647,-0.407815223881896,-0.242528673004902
"OBSERVATION.405",0.49864622807663,-0.518883073344507,0.0925135576758509,0.253855121499285,2.38581201142395
"OBSERVATION.406",0.0927559283276408,1.47643508784377,1.31366704535174,1.49089098460323,-0.288918225094045
"OBSERVATION.407",-0.610652214344031,-0.831507411957199,0.516692208721728,2.21302798393028,1.42388979660143
"OBSERVATION.408",1.19188390264272,-0.523559078409226,-2.06117701593337,-0.851592516718067,-1.80823614610683
"OBSERVATION.409",-0.741222456330242,0.471093998929021,0.129683851839665,-0.298069578834776,1.0121524767636
"OBSERVATION.410",-0.557605415967604,0.188529692875241,0.815147805978235,-1.59770307928356,0.907836074656414
"OBSERVATION.411",0.16044651273161,-0.907659494439778,-0.321825897856076,-1.24555807260324,-1.30516188433183
"OBSERVATION.412",0.277976610964188,0.85385841351251,0.258686637467019,0.152899782972929,0.601136238046335
"OBSERVATION.413",-0.32646992296228,-0.462103011844338,0.0378513603761245,-1.11396984771664,-0.948226729656308
"OBSERVATION.414",-0.555832969243809,-0.517547071897444,-0.398352974075693,0.039158544052734,-1.64575253360807
"OBSERVATION.415",0.624954157703238,-1.10939571294626,-1.05867231745639,-0.603066577812816,-0.785743117157551
"OBSERVATION.416",0.0703893387178504,2.51517621293509,0.428139449096171,2.10168410133393,2.17934245057124
"OBSERVATION.417",-1.03148170790786,0.739630289788641,0.117658168433725,0.989044394145041,-0.897991411590864
"OBSERVATION.418",0.758140868662669,-0.450746999544304,0.261966369305003,0.739452963540304,0.313424870944246
"OBSERVATION.419",0.907575007923552,0.606030145082362,2.5402867527576,-0.495185543239798,-0.461977694027632
"OBSERVATION.420",0.329757375966476,-0.832843413404262,-0.0802189857912847,-1.42695803444083,0.441777310403323
"OBSERVATION.421",-0.136691520178832,0.0582695517866186,-1.80317144467866,0.0889702810037327,0.540565423919579
"OBSERVATION.422",-0.387323927145898,-0.526231081303352,1.25135214043005,0.852395083685884,-0.516539498816415
"OBSERVATION.423",-0.795746293643165,-0.310466847602711,0.136243315515632,1.57000374329011,-0.231472095823034
"OBSERVATION.424",0.723789163111029,-0.383278926467633,0.689424752188864,0.155030766371902,0.945813013672396
"OBSERVATION.425",-0.516206124633256,1.52920714500275,-0.21906096693259,0.347618391054106,1.58493124685907
"OBSERVATION.426",-0.955224297672218,0.485790014846711,-0.0878716934132464,1.79269150848281,1.81880189029294
"OBSERVATION.427",1.09123424939866,-1.01320360875774,-0.0791257418452902,0.419006334919708,-0.922988890436826
"OBSERVATION.428",-0.406778639995169,-0.39597094021473,-0.251858285312426,1.43708365377916,0.820585259069064
"OBSERVATION.429",0.940702881213525,-0.513539067556255,-0.458481391105392,0.0242416602599216,-0.972503127381714
"OBSERVATION.430",-0.499283478532264,-1.21226782437009,0.130777095785659,-0.777807216528619,-0.678542390568134
"OBSERVATION.431",0.336340749512,-0.0699865871314093,-0.0671000584393503,-0.640358787294847,1.00422058443748
"OBSERVATION.432",1.47539097622493,0.675502220329627,0.934311396091638,1.31002376861538,0.17641945803849
"OBSERVATION.433",0.0497107936069121,0.527206059705658,2.17732976268742,0.663270307027012,1.13593806912582
"OBSERVATION.434",-0.76835777164929,-0.264374797679045,-0.573272005434817,-0.581756743823084,-1.18954854466925
"OBSERVATION.435",-0.52312710707855,-0.907659494439778,0.556048990777531,-0.286349170140423,-1.1532541282679
"OBSERVATION.436",1.89968096101141,0.147781648739825,0.0378513603761245,-1.20533576094762,-0.529999679733472
"OBSERVATION.437",-0.0868942074626945,1.40429100970238,1.59681722736432,-0.712812222859936,0.170170088326999
"OBSERVATION.438",-0.287771502826095,-0.229638760055413,-0.0244635445455637,-0.304728901956567,0.618201824566175
"OBSERVATION.439",-0.0707733824986569,1.33014292939039,0.122031144217703,-1.63472891584072,-0.753534827106022
"OBSERVATION.440",0.11508031682496,-1.6337762809184,-1.07288448875432,-1.66376356465173,-1.54696442009182
"OBSERVATION.441",-1.17049217238833,-0.355222896079315,-1.61185375412962,-1.45679180202646,0.831641836250932
"OBSERVATION.442",1.01831072704825,-0.62108718404481,0.471869206935952,-0.106281072927187,-1.13234277577176
"OBSERVATION.443",0.118540808047607,-1.30979593000568,-0.852049211663422,0.0958959770503957,0.879713910954706
"OBSERVATION.444",0.301398228385761,1.21591480566653,-0.376488095155802,0.106018148195518,2.18078461281236
"OBSERVATION.445",2.29236231255688,-0.588355148591772,-1.28716030216924,-0.934168123428278,-0.12595389184825
"OBSERVATION.446",-0.0332987946241402,-1.78407644371297,-0.208128527472645,-0.271165913422739,-1.00783610228899
"OBSERVATION.447",-0.300052026555244,-0.144134667443394,-0.784268087011761,-1.51539384549822,0.805682915910894
"OBSERVATION.448",-0.844108768535278,2.66347237355906,0.679585556674913,1.6904043053321,0.629498762121562
"OBSERVATION.449",-0.232656849938574,-0.560299118203453,1.19559669918433,0.0386257982029907,-0.571582024352237
"OBSERVATION.450",-0.576216106567449,-1.33317595532928,0.167947389949473,-0.197646986158164,-0.822758614679457
"OBSERVATION.451",1.46623333481866,0.754994306429863,0.776884267868426,0.527952861192213,0.58719533638224
"OBSERVATION.452",0.825831453066639,-1.26704388369967,0.0400378482681135,-0.482932388695702,0.124741977731932
"OBSERVATION.453",0.0835138846964255,-0.965107556663478,-0.187356892498749,-1.72636120199657,0.211271712198726
"OBSERVATION.454",-0.692058160301174,-0.905655492269184,1.49623878433283,0.319649233942582,0.459083257296682
"OBSERVATION.455",0.855372231796551,-0.426698973497174,0.259779881413014,-0.386239016967292,-0.732142753862843
"OBSERVATION.456",-0.701848818394517,1.17850676514877,1.95977421743451,1.08254129077499,0.622047590542476
"OBSERVATION.457",-0.404752986596546,1.64811127379134,0.782350487598399,-0.265305709075563,-0.521346706286793
"OBSERVATION.458",-0.631415161679912,1.01351058643651,1.83077143180715,0.238671864781601,0.429038210606823
"OBSERVATION.459",-0.678005189848231,1.08966266891909,0.111098704757758,0.573769004270137,1.30683429469774
"OBSERVATION.460",1.35030687885999,-2.39462910502066,-2.12567840874705,-1.37741267041471,0.385292622626389
"OBSERVATION.461",0.000884106477614955,-1.4059880341942,-1.11880073448609,-0.454696858659307,-1.19075034653685
"OBSERVATION.462",-0.328073565236189,-1.25769187357023,0.11875141237972,-0.736519413173513,-0.828286903270391
"OBSERVATION.463",-0.360104209601908,0.124401623416227,-0.386327290669753,0.0439532567004237,1.70583251473907
"OBSERVATION.464",0.557221372186798,0.146445647292763,-0.141440646766978,0.896346616289707,0.0466248563382993
"OBSERVATION.465",-0.855165460002759,0.437025962028919,0.0247324330241901,0.374788429391014,0.250690813455821
"OBSERVATION.466",-1.11107300602874,-0.327166865690996,1.1617061368585,0.53700954063785,-0.977069974478572
"OBSERVATION.467",-0.517640962457281,-0.672523239756727,-0.4169381211576,0.0671277011642574,0.233384866562462
"OBSERVATION.468",-1.21910785395527,0.981446551707006,-0.765682939929854,-0.062329540323365,0.0213870171188179
"OBSERVATION.469",1.65457689977808,-0.389290932979416,-1.09474936767421,0.401692094803051,-1.7964584878044
"OBSERVATION.470",-0.53317097184672,-1.02322361961071,-0.702274791062172,-0.549791992838486,0.900625263450848
"OBSERVATION.471",-0.607107320896442,2.07095573178671,0.529811136073662,1.07321823840448,0.226654776103934
"OBSERVATION.472",-0.22054513065931,-0.758695333092277,0.120937900271709,-0.883557267702665,0.26583351698751
"OBSERVATION.473",-1.36216962523299,2.03421569199248,0.752832901056546,-0.89740865979599,-1.58013415163742
"OBSERVATION.474",0.376474007472208,-0.452751001714899,-2.14972977555893,-0.772746130956058,-2.09306318872669
"OBSERVATION.475",-0.117152405104619,0.217921724710622,0.307882615036773,-0.705620153888402,0.240355317394509
"OBSERVATION.476",-0.609006370957651,-0.110066630543293,0.159201438381517,1.150999132467,0.840294809697611
"OBSERVATION.477",2.54244610506182,0.40362592585235,0.00505404199628858,0.275964074263632,1.23256293928041
"OBSERVATION.478",-0.302204283291281,0.998146569795291,-0.815972161445603,-0.437382618542649,2.22188623668408
"OBSERVATION.479",-1.25101189498358,-0.732643304874553,-0.350250240451933,0.744780422037737,0.231461983574311
"OBSERVATION.480",0.445177418575489,0.208569714581182,1.88543362910688,-0.842003091422687,0.504030647144711
"OBSERVATION.481",-0.957376554408254,1.45439106396723,-0.0419554476814762,0.354277714175897,3.02228628050192
"OBSERVATION.482",-0.447249506855148,1.57596719564995,0.0236391890781956,1.19388517337134,0.160315313012725
"OBSERVATION.483",-0.155555417453504,1.68485131358557,1.23604672518613,-0.217891328448409,1.11406527513561
"OBSERVATION.484",-0.442016568908706,-1.4039840320236,-1.49815638374619,-1.34225144433165,0.0636904428581392
"OBSERVATION.485",-0.428681017367775,-0.127434649355109,1.73456596455963,-0.207769157303286,-0.558362203808699
"OBSERVATION.486",-0.280428509256088,-0.284414819384987,-0.349156996505939,2.10994166200495,-0.0800450605061457
"OBSERVATION.487",0.458386366779007,-0.142798665996331,1.461254978061,-0.372387624873967,-0.304541649372771
"OBSERVATION.488",2.0340915042325,1.67683530490319,1.60665642287827,1.10331837891498,0.512443260217871
"OBSERVATION.489",0.50126269704985,-0.552951110244608,-1.27950759454728,-1.88405397352059,-1.56475108773221
"OBSERVATION.490",-0.0804796383670565,0.704226251441477,0.204024440167293,1.30256532671897,0.866253730037649
"OBSERVATION.491",-0.0412326037687451,1.35552695688459,1.50826446773877,1.46292182749171,0.438892985921097
"OBSERVATION.492",0.826717676428536,-1.09803970064623,-0.119575767847088,1.83451205768766,0.422308120148295
"OBSERVATION.493",0.693108954344392,-0.516879071173912,0.134056827623643,0.897944853838937,0.717230298455949
"OBSERVATION.494",0.268439159545674,0.342169859287461,1.0217709117712,1.41231097176609,1.06022455146738
"OBSERVATION.495",-1.30515592228426,0.761674313665177,1.51154419957675,2.31877803510432,0.744150660290063
"OBSERVATION.496",-0.381457972512387,-0.0926986117314767,-0.248578553474442,0.115074827641155,-1.39986387149827
"OBSERVATION.497",0.0592904461378978,0.373565893293437,-1.64355782856346,0.0756516347601502,-0.115858756160457
"OBSERVATION.498",-1.30089360992466,0.511842043064436,0.728781534244667,0.872106680126386,-1.16070529984699
"OBSERVATION.499",-0.0465077428276579,-0.894967480692682,-1.75944168683888,-0.243729502160959,1.37677916339173
"OBSERVATION.500",0.653397707508896,1.53187914789688,0.0695554348099658,0.220558505890328,0.517971548808805
"OBSERVATION.501",0.258310892552561,-0.762035336709934,-0.399446218021687,0.457097663176354,0.962878600192236
"OBSERVATION.502",2.02088255602899,-0.224294754267161,-0.823624869067564,-0.733855683924797,0.407165416616606
"OBSERVATION.503",-0.678342798748001,0.133753633545666,0.757205876840525,-0.0673906258959263,1.53445556842011
"OBSERVATION.504",0.56540838800623,-0.743331316451055,-1.38008603757878,0.367329987494608,-0.340355345027083
"OBSERVATION.505",0.876050776907489,1.51985513487331,1.84717009099707,0.249593154701338,0.933554634622933
"OBSERVATION.506",1.65584293315222,0.472430000376083,-0.0594473508173886,-2.2822814962037,-1.3251117953339
"OBSERVATION.507",0.185724979101921,1.17049075646639,1.5006117601168,1.32760438165691,0.740304894313761
"OBSERVATION.508",-0.674840106412883,-0.334514873649842,-1.60420104650766,-1.86434237708008,-0.288677864720526
"OBSERVATION.509",-0.664332029407528,0.378909899081688,0.247754198007074,0.665401290425985,0.0564796316525731
"OBSERVATION.510",1.14930298015917,0.189865694322303,-1.00947633988663,-0.726397242028391,-1.54311865411551
"OBSERVATION.511",0.923780235112532,-1.34052396328812,-0.567805785704845,-1.22424823861351,-1.04917808653423
"OBSERVATION.512",0.53105668245459,-0.519551074068038,1.03707632701512,0.00373094504480445,0.861206162193753
"OBSERVATION.513",-0.0423720338054702,0.241969750757752,-1.16581022416385,-1.09345913250153,-1.25540728701342
"OBSERVATION.514",1.4232304012104,-1.02055161671658,-0.372115119371824,0.520760792220679,-0.921787088569232
"OBSERVATION.515",0.334441699450791,-1.49149212680622,-0.609349055652637,-0.195249629834319,0.295397842930331
"OBSERVATION.516",0.761094946535661,0.0462455387630534,1.13656152610063,1.35770452216741,0.78741552752346
"OBSERVATION.517",1.5919082477582,-0.870919454645552,0.100166265297813,1.35823726801715,1.07921302097537
"OBSERVATION.518",0.00810049671020771,-0.981139574028232,-1.1953278107057,-0.155560064028443,-0.0336555084170036
"OBSERVATION.519",-1.13386160676324,0.0502535431042418,2.67694224600692,0.0868392976047595,-0.326414443362988
"OBSERVATION.520",-1.14213302480762,1.12974271233098,0.939777615821611,-0.33749277171578,0.818181655333875
"OBSERVATION.521",-0.59018467479545,1.20322279191943,-1.2751346187633,-0.368392031000892,-0.617490855694341
"OBSERVATION.522",0.0371348620904639,1.44771105673192,1.19996967496831,0.728531673620566,0.640314978929911
"OBSERVATION.523",0.314353969914451,-1.42602805590014,-0.111923060225126,0.421936437093296,0.424711723883483
"OBSERVATION.524",-0.556719192605707,-0.943731533510474,-0.458481391105392,1.07614834057807,-0.904721502049392
"OBSERVATION.525",-1.03376056798131,1.92332757188627,-0.0834987176292683,0.321247471491812,0.696799666706845
"OBSERVATION.526",0.172769237573231,0.17850968202227,1.17701155210242,0.92111929830277,0.581907408164825
"OBSERVATION.527",-1.19530642652146,1.4664150769908,1.58916451974236,1.46398731919119,-0.70930851837855
"OBSERVATION.528",0.18407913571554,1.16180674706048,0.281644760332904,0.237606373082114,1.08666419255445
"OBSERVATION.529",-0.744134333090762,-0.777399353351157,-0.860795163231378,-0.173407049994843,0.72780615489078
"OBSERVATION.530",-0.573810643156584,-1.17085177951115,-0.799573502255685,0.295409297779262,-0.354055886317659
"OBSERVATION.531",-0.115970773955422,0.515850047405624,-0.84439650404146,-1.16617894099149,-0.715077167343003
"OBSERVATION.532",-1.14939161615268,-0.155490679743428,1.50826446773877,0.585223040039618,-0.15359533480292
"OBSERVATION.533",-0.525363766039529,0.734954284723922,1.53340907849664,1.30602817474231,1.14819644817529
"OBSERVATION.534",-0.1712964324053,-1.32582794737043,-1.09474936767421,-0.674987267528162,0.459083257296682
"OBSERVATION.535",-0.361074835188748,-0.341194880885156,0.738620729758617,0.149436934949597,-0.118502720269165
"OBSERVATION.536",-0.660998141522296,0.316785831793268,-1.11442775870211,-0.465351775654173,-1.28208728847402
"OBSERVATION.537",-1.45724873163083,1.78571942283881,0.212770391735249,-0.757296501313502,0.475427762695965
"OBSERVATION.538",-0.477929715621785,-0.337186876543967,0.434698912772138,-0.0205089911185158,1.04916797428551
"OBSERVATION.539",1.04489742790517,-0.494167046573845,0.174506853625441,0.493058008034027,0.336739827175577
"OBSERVATION.540",0.171840813098862,-2.508189228021,-2.72586933509804,-2.29426827782293,-2.41298284588031
"OBSERVATION.541",2.04928390472217,-0.78407936058647,-0.00697164140965124,0.55166005150579,1.39913267812899
"OBSERVATION.542",-0.501857746393013,1.17449876080758,-0.308706970504141,-0.310855479228615,0.829478592889262
"OBSERVATION.543",0.669771739147762,-1.24165985620548,-0.949347922856935,-1.76844812412629,-0.73262347460988
"OBSERVATION.544",-0.97442580384666,0.0569335503395558,-0.539381443108987,-1.01621098428875,0.62132650942192
"OBSERVATION.545",-1.25265773836996,1.72292735482685,1.05784796198902,-0.250122452357879,-0.0579319061424095
"OBSERVATION.546",0.489277581108,1.04490662044249,0.497013817693827,-0.282886322117092,-0.0264446972114374
"OBSERVATION.547",0.180112231143237,0.914646479353867,0.185439293085386,-1.94238964406748,-0.299253721155356
"OBSERVATION.548",1.5176342898087,-1.3612319857176,-0.920923580261077,-2.14589855866942,0.673003989728477
"OBSERVATION.549",0.399600217106482,-0.456091005332556,-0.481439513971277,-0.266637573699921,-1.93706930631294
"OBSERVATION.550",0.833891865548658,-1.37526000091175,-1.35166169498292,-0.00745671779980489,-1.98610282251079
"OBSERVATION.551",-0.241772290232375,0.370893890399311,-0.658545033222391,-1.13101771490843,-0.484811929511924
"OBSERVATION.552",-0.968433245875735,0.195877700834086,0.538557087641619,0.36120341022256,-0.274015881935875
"OBSERVATION.553",-1.12588559650617,1.06160663853077,0.0498770437820643,-1.30282825145064,-1.23161161003506
"OBSERVATION.554",0.0766351033636032,-0.572323131227018,-0.185170404606759,-0.120665210870257,-2.41899185521828
"OBSERVATION.555",0.460580824627515,-1.33317595532928,-1.72008490478308,0.659274713153937,-0.719163293692824
"OBSERVATION.556",0.546628892956501,-0.70725927738036,-0.755843744415904,-2.29560014244729,-2.28991833463865
"OBSERVATION.557",-0.210248059216312,-0.425362972050111,-1.02587499907655,0.952284930512753,-0.54105625691534
"OBSERVATION.558",-0.2477648482033,-1.43538006602958,1.26665755567397,0.535677676013491,-0.596098782451162
"OBSERVATION.559",-0.751814935560539,1.01417858716004,1.9400958264066,0.101223435547829,0.12522269847897
"OBSERVATION.560",-1.36356226194454,1.42032302706713,-0.671663960574325,-0.160088403751261,-0.9710609651406
"OBSERVATION.561",0.295996485989434,0.315449830346206,-0.0244635445455637,0.603070026006019,0.024992422721601
"OBSERVATION.562",-0.973877189384533,-1.50418414055331,-1.66870243932134,-0.842269464347559,-1.13258313614528
"OBSERVATION.563",2.37592051525006,-0.619751182597747,-0.486905733701249,-0.562577893232325,0.871301297881546
"OBSERVATION.564",0.174963695421738,-0.456091005332556,0.112191948703752,0.403823078202024,-0.0959088451583912
"OBSERVATION.565",-0.618206213476395,0.495810025699682,0.163574414165495,2.73298793327974,2.16275758479844
"OBSERVATION.566",4.45327027664993,0.372229891846374,-0.233273138230519,0.694169566312124,0.333374781946312
"OBSERVATION.567",-0.664669638307299,2.33014001251689,0.643508506457093,-0.154228199404085,1.62651359147784
"OBSERVATION.568",-0.727380491439655,-0.0626385791725639,1.30054811799981,0.98717978367094,0.838131566335942
"OBSERVATION.569",1.65466130200302,-0.670519237586133,0.875276223007934,1.66270152114545,-1.10998926103451
"OBSERVATION.570",-0.3196755438544,-0.141462664549269,-0.412565145373621,-0.95867443251647,-0.399964717659763
"OBSERVATION.571",-1.16011069872039,-1.14546775201695,-1.34291574341497,-0.00639122610031828,-0.508607606490293
"OBSERVATION.572",-1.10702169923149,-0.220286749925973,1.60993615471626,0.283955262009781,-0.0466349685870226
"OBSERVATION.573",-1.03498440024298,0.988794559665852,0.586659821265378,0.0631321072911826,1.41355430054012
"OBSERVATION.574",-1.40707160890245,1.67015529766787,0.206210928059282,-0.553254840861818,-1.00783610228899
"OBSERVATION.575",-0.79397384691937,-0.624427187662467,-0.887033017935247,-0.0740499490177176,-2.75814034225341
"OBSERVATION.576",1.02421888279423,-0.349878890291064,-0.563432809920867,-0.983447114529534,-1.34866711193875
"OBSERVATION.577",-1.43078863411133,0.473766001823146,0.842478904628098,1.21972334708389,0.506193890506381
"OBSERVATION.578",-0.291991614073225,1.56728318624404,-0.435523268239507,0.159026360244977,1.04003428009179
"OBSERVATION.579",0.340856268546429,0.425669949728886,0.561515210507504,1.389669273152,-0.308868136096111
"OBSERVATION.580",0.307475188581629,-0.472123022697309,-1.3757130617948,-0.783401047950924,-0.592974097595416
"OBSERVATION.581",-0.483120452455755,0.941366508295123,1.23713996913212,0.0804463474078399,0.51701010731473
"OBSERVATION.582",-0.0272218344282726,0.426337950452417,1.25463187226804,1.64592002687853,0.231461983574311
"OBSERVATION.583",3.15870895048025,1.05091862695427,-0.537194955216998,0.820696705626158,0.834045439986121
"OBSERVATION.584",-1.05490332532943,1.28271487801967,1.17263857631845,0.550328186881432,-0.0372609140197866
"OBSERVATION.585",0.497928809164617,1.42900703647304,1.10485745166678,0.883027970046124,-0.299253721155356
"OBSERVATION.586",-1.26502266432405,0.714246262294448,0.599778748617312,0.329771405087705,-0.63696004594937
"OBSERVATION.587",0.357061495735409,0.453057979393673,-0.678223424250292,-1.17177277241379,0.937881121346273
"OBSERVATION.588",-0.745991182039499,0.953390521318688,0.0750216545399384,-0.171009693670999,-0.227626329846732
"OBSERVATION.589",4.22631269377926,0.326137841922708,-1.79223900521872,0.421403691243553,0.626133716892297
"OBSERVATION.590",-0.227170705317304,2.545236245494,0.976947909985425,1.07028813623089,1.45201196030314
"OBSERVATION.591",-0.126900862085489,0.482450011229054,0.264152857196992,0.0777826181591234,0.989318241279311
"OBSERVATION.592",-0.993374103346275,0.177173680575207,0.615084163861236,0.948022963714807,0.185553152232207
"OBSERVATION.593",-0.133906246755726,-0.826163406168948,-0.0386757158434926,-0.592944406667694,-2.07647832295389
"OBSERVATION.594",0.367949382753005,1.03087860524833,1.92588365510868,0.59028412561218,-0.042068121490164
"OBSERVATION.595",-1.11065099490403,-0.00853052056652094,-1.06960475691633,0.831884368470767,0.344431359128181
"OBSERVATION.596",-0.936782411522258,-2.0592927418079,-0.864074895069362,-1.3004308951268,-0.40477192513014
"OBSERVATION.597",0.161543741655864,-1.04059163842253,-0.0583541068713941,0.814836501278981,0.420625597533663
"OBSERVATION.598",-0.931043060226161,-0.32917086786159,-0.668384228736341,-0.17607077924356,-0.544661662518123
"OBSERVATION.599",0.104023625357479,0.653458196453091,0.647881482241072,-0.534875109045674,-0.116339476907495
"OBSERVATION.600",0.238771777478348,-1.29242791119386,-1.58889563126373,0.659008340229066,-1.16551250731737
"OBSERVATION.601",-0.27304331457361,0.103693600986753,-0.655265301384407,-0.107879310476417,0.143249726492886
"OBSERVATION.602",0.389682955675726,-1.7720524306894,-0.307613726558147,-0.622778174253318,-0.438662737796301
"OBSERVATION.603",-0.632216982816867,0.324133839752114,0.79000319522036,0.825491418273847,2.38797525478562
"OBSERVATION.604",1.76965933348732,-0.299110835302678,0.718942338730716,1.96183831577631,2.09665848208075
"OBSERVATION.605",0.931967250931965,-0.704587274486234,-0.533915223379014,-1.08413608013102,-1.29194206378829
"OBSERVATION.606",-0.466240007467234,-0.406658951791232,-0.673850448466314,-1.19441447102788,0.886924722160272
"OBSERVATION.607",0.730921151118679,-0.851547433663141,0.349425884984565,-1.06469085661539,0.354526494815973
"OBSERVATION.608",0.755862008589219,-0.373926916338194,0.617270651753225,-1.2290429512612,0.648487231629552
"OBSERVATION.609",-0.628376681581979,-0.383278926467633,0.441258376448106,0.447508237880975,0.504751728265267
"OBSERVATION.610",-0.726705273640114,-0.786083362757065,-0.451921927429425,-0.450168518936489,-1.13618854174806
"OBSERVATION.611",-0.56558142622468,1.82245946263303,0.506853013207777,1.4573279960694,0.0829192727396489
"OBSERVATION.612",0.240080011964958,-0.116746637778607,0.931031664253655,-1.00102772757106,0.614356058589873
"OBSERVATION.613",-0.149984870607292,-0.585683145697646,1.55418071347054,-0.536739719519775,-0.734546357598031
"OBSERVATION.614",-0.468181258640914,-0.407994953238295,0.147175754975577,1.46398731919119,-0.330019848965772
"OBSERVATION.615",0.536458424850917,-0.71193528244508,-1.5167415308281,-0.287681034764782,-0.354776967438215
"OBSERVATION.616",-0.534310401883445,-0.529571084921009,-0.891405993719225,-0.316715683575792,0.182188107002943
"OBSERVATION.617",2.37954981092259,-0.65448722022138,-0.204848795634661,1.31801495636153,-1.76689416186158
"OBSERVATION.618",-1.13660467907388,0.944038511189248,1.09501825615283,-1.00955166116696,-1.21190205940651
